"Label","Alexandria city, Virginia!!Estimate","Alexandria city, Virginia!!Margin of Error","Alexandria city, Virginia!!Percent","Alexandria city, Virginia!!Percent Margin of Error","Annandale CDP, Virginia!!Estimate","Annandale CDP, Virginia!!Margin of Error","Annandale CDP, Virginia!!Percent","Annandale CDP, Virginia!!Percent Margin of Error","Burke CDP, Virginia!!Estimate","Burke CDP, Virginia!!Margin of Error","Burke CDP, Virginia!!Percent","Burke CDP, Virginia!!Percent Margin of Error","Centreville CDP, Virginia!!Estimate","Centreville CDP, Virginia!!Margin of Error","Centreville CDP, Virginia!!Percent","Centreville CDP, Virginia!!Percent Margin of Error","Chantilly CDP, Virginia!!Estimate","Chantilly CDP, Virginia!!Margin of Error","Chantilly CDP, Virginia!!Percent","Chantilly CDP, Virginia!!Percent Margin of Error","Clifton town, Virginia!!Estimate","Clifton town, Virginia!!Margin of Error","Clifton town, Virginia!!Percent","Clifton town, Virginia!!Percent Margin of Error","Dunn Loring CDP, Virginia!!Estimate","Dunn Loring CDP, Virginia!!Margin of Error","Dunn Loring CDP, Virginia!!Percent","Dunn Loring CDP, Virginia!!Percent Margin of Error","Fairfax city, Virginia!!Estimate","Fairfax city, Virginia!!Margin of Error","Fairfax city, Virginia!!Percent","Fairfax city, Virginia!!Percent Margin of Error","Falls Church city, Virginia!!Estimate","Falls Church city, Virginia!!Margin of Error","Falls Church city, Virginia!!Percent","Falls Church city, Virginia!!Percent Margin of Error","Fort Hunt CDP, Virginia!!Estimate","Fort Hunt CDP, Virginia!!Margin of Error","Fort Hunt CDP, Virginia!!Percent","Fort Hunt CDP, Virginia!!Percent Margin of Error","Herndon town, Virginia!!Estimate","Herndon town, Virginia!!Margin of Error","Herndon town, Virginia!!Percent","Herndon town, Virginia!!Percent Margin of Error","Hybla Valley CDP, Virginia!!Estimate","Hybla Valley CDP, Virginia!!Margin of Error","Hybla Valley CDP, Virginia!!Percent","Hybla Valley CDP, Virginia!!Percent Margin of Error","Lincolnia CDP, Virginia!!Estimate","Lincolnia CDP, Virginia!!Margin of Error","Lincolnia CDP, Virginia!!Percent","Lincolnia CDP, Virginia!!Percent Margin of Error","Lorton CDP, Virginia!!Estimate","Lorton CDP, Virginia!!Margin of Error","Lorton CDP, Virginia!!Percent","Lorton CDP, Virginia!!Percent Margin of Error","McLean CDP, Virginia!!Estimate","McLean CDP, Virginia!!Margin of Error","McLean CDP, Virginia!!Percent","McLean CDP, Virginia!!Percent Margin of Error","Merrifield CDP, Virginia!!Estimate","Merrifield CDP, Virginia!!Margin of Error","Merrifield CDP, Virginia!!Percent","Merrifield CDP, Virginia!!Percent Margin of Error","Reston CDP, Virginia!!Estimate","Reston CDP, Virginia!!Margin of Error","Reston CDP, Virginia!!Percent","Reston CDP, Virginia!!Percent Margin of Error","Rose Hill CDP (Fairfax County), Virginia!!Estimate","Rose Hill CDP (Fairfax County), Virginia!!Margin of Error","Rose Hill CDP (Fairfax County), Virginia!!Percent","Rose Hill CDP (Fairfax County), Virginia!!Percent Margin of Error","Springfield CDP, Virginia!!Estimate","Springfield CDP, Virginia!!Margin of Error","Springfield CDP, Virginia!!Percent","Springfield CDP, Virginia!!Percent Margin of Error","Tysons Corner CDP, Virginia!!Estimate","Tysons Corner CDP, Virginia!!Margin of Error","Tysons Corner CDP, Virginia!!Percent","Tysons Corner CDP, Virginia!!Percent Margin of Error","West Springfield CDP, Virginia!!Estimate","West Springfield CDP, Virginia!!Margin of Error","West Springfield CDP, Virginia!!Percent","West Springfield CDP, Virginia!!Percent Margin of Error"
"EMPLOYMENT STATUS","","","","","","","","","","","","","","","","","","","","","","","","","","","","","","","","","","","","","","","","","","","","","","","","","","","","","","","","","","","","","","","","","","","","","","","","","","","","","","","","","","","",""
"    Population 16 years and over","126,350","±225","126,350","(X)","34,824","±936","34,824","(X)","33,182","±595","33,182","(X)","56,868","±1,178","56,868","(X)","18,638","±816","18,638","(X)","172","±47","172","(X)","7,226","±508","7,226","(X)","19,329","±123","19,329","(X)","10,541","±111","10,541","(X)","12,943","±385","12,943","(X)","18,935","±387","18,935","(X)","12,231","±802","12,231","(X)","19,320","±1,034","19,320","(X)","15,436","±853","15,436","(X)","37,663","±781","37,663","(X)","14,364","±863","14,364","(X)","48,937","±969","48,937","(X)","16,365","±545","16,365","(X)","24,535","±915","24,535","(X)","18,598","±780","18,598","(X)","18,348","±481","18,348","(X)"
"        In labor force","99,345","±888","78.6%","±0.7","24,878","±908","71.4%","±1.7","23,454","±585","70.7%","±1.1","43,685","±1,092","76.8%","±1.0","13,773","±676","73.9%","±2.2","120","±31","69.8%","±10.1","4,970","±454","68.8%","±4.1","13,312","±278","68.9%","±1.5","8,180","±308","77.6%","±2.8","8,620","±348","66.6%","±1.9","15,074","±478","79.6%","±1.8","8,871","±764","72.5%","±3.0","14,496","±985","75.0%","±2.2","12,470","±763","80.8%","±2.2","23,163","±668","61.5%","±1.3","11,422","±709","79.5%","±2.6","36,573","±921","74.7%","±1.2","11,910","±467","72.8%","±1.9","16,417","±807","66.9%","±1.9","13,517","±604","72.7%","±2.3","13,105","±465","71.4%","±1.7"
"            Civilian labor force","97,230","±968","77.0%","±0.8","24,732","±908","71.0%","±1.7","22,665","±611","68.3%","±1.2","43,463","±1,096","76.4%","±1.1","13,716","±681","73.6%","±2.3","120","±31","69.8%","±10.1","4,941","±454","68.4%","±4.1","13,242","±284","68.5%","±1.5","8,112","±311","77.0%","±2.8","8,202","±377","63.4%","±2.2","15,015","±473","79.3%","±1.7","8,810","±755","72.0%","±3.0","14,111","±1,001","73.0%","±2.4","12,108","±748","78.4%","±2.2","22,967","±675","61.0%","±1.3","11,370","±713","79.2%","±2.6","36,441","±928","74.5%","±1.2","11,568","±473","70.7%","±2.0","16,200","±819","66.0%","±2.0","13,439","±602","72.3%","±2.3","12,715","±506","69.3%","±2.0"
"                Employed","93,357","±1,167","73.9%","±1.0","23,340","±921","67.0%","±1.9","21,787","±649","65.7%","±1.4","41,526","±1,112","73.0%","±1.2","12,670","±681","68.0%","±2.8","115","±32","66.9%","±10.3","4,696","±425","65.0%","±4.0","12,509","±292","64.7%","±1.6","7,682","±347","72.9%","±3.3","7,968","±379","61.6%","±2.3","14,137","±451","74.7%","±1.8","8,391","±796","68.6%","±3.3","13,402","±968","69.4%","±2.5","11,346","±714","73.5%","±2.5","22,180","±687","58.9%","±1.4","10,852","±659","75.5%","±3.0","34,820","±944","71.2%","±1.4","11,003","±462","67.2%","±2.0","15,211","±794","62.0%","±2.1","12,952","±563","69.6%","±2.3","12,096","±498","65.9%","±2.1"
"                Unemployed","3,873","±590","3.1%","±0.5","1,392","±312","4.0%","±0.9","878","±208","2.6%","±0.6","1,937","±264","3.4%","±0.5","1,046","±254","5.6%","±1.3","5","±5","2.9%","±2.9","245","±124","3.4%","±1.7","733","±156","3.8%","±0.8","430","±198","4.1%","±1.9","234","±83","1.8%","±0.6","878","±215","4.6%","±1.1","419","±197","3.4%","±1.7","709","±170","3.7%","±0.8","762","±224","4.9%","±1.4","787","±173","2.1%","±0.5","518","±196","3.6%","±1.3","1,621","±263","3.3%","±0.5","565","±153","3.5%","±0.9","989","±228","4.0%","±0.9","487","±148","2.6%","±0.8","619","±144","3.4%","±0.8"
"            Armed Forces","2,115","±318","1.7%","±0.3","146","±75","0.4%","±0.2","789","±109","2.4%","±0.3","222","±84","0.4%","±0.1","57","±38","0.3%","±0.2","0","±12","0.0%","±17.1","29","±26","0.4%","±0.4","70","±40","0.4%","±0.2","68","±47","0.6%","±0.5","418","±113","3.2%","±0.9","59","±42","0.3%","±0.2","61","±73","0.5%","±0.6","385","±189","2.0%","±1.0","362","±119","2.3%","±0.8","196","±78","0.5%","±0.2","52","±46","0.4%","±0.3","132","±70","0.3%","±0.1","342","±98","2.1%","±0.6","217","±108","0.9%","±0.4","78","±52","0.4%","±0.3","390","±132","2.1%","±0.7"
"        Not in labor force","27,005","±938","21.4%","±0.7","9,946","±627","28.6%","±1.7","9,728","±383","29.3%","±1.1","13,183","±651","23.2%","±1.0","4,865","±495","26.1%","±2.2","52","±27","30.2%","±10.1","2,256","±336","31.2%","±4.1","6,017","±297","31.1%","±1.5","2,361","±292","22.4%","±2.8","4,323","±290","33.4%","±1.9","3,861","±336","20.4%","±1.8","3,360","±375","27.5%","±3.0","4,824","±440","25.0%","±2.2","2,966","±379","19.2%","±2.2","14,500","±594","38.5%","±1.3","2,942","±443","20.5%","±2.6","12,364","±658","25.3%","±1.2","4,455","±364","27.2%","±1.9","8,118","±539","33.1%","±1.9","5,081","±536","27.3%","±2.3","5,243","±334","28.6%","±1.7"
"    Civilian labor force","97,230","±968","97,230","(X)","24,732","±908","24,732","(X)","22,665","±611","22,665","(X)","43,463","±1,096","43,463","(X)","13,716","±681","13,716","(X)","120","±31","120","(X)","4,941","±454","4,941","(X)","13,242","±284","13,242","(X)","8,112","±311","8,112","(X)","8,202","±377","8,202","(X)","15,015","±473","15,015","(X)","8,810","±755","8,810","(X)","14,111","±1,001","14,111","(X)","12,108","±748","12,108","(X)","22,967","±675","22,967","(X)","11,370","±713","11,370","(X)","36,441","±928","36,441","(X)","11,568","±473","11,568","(X)","16,200","±819","16,200","(X)","13,439","±602","13,439","(X)","12,715","±506","12,715","(X)"
"        Unemployment Rate","(X)","(X)","4.0%","±0.6","(X)","(X)","5.6%","±1.3","(X)","(X)","3.9%","±0.9","(X)","(X)","4.5%","±0.6","(X)","(X)","7.6%","±1.8","(X)","(X)","4.2%","±4.3","(X)","(X)","5.0%","±2.4","(X)","(X)","5.5%","±1.2","(X)","(X)","5.3%","±2.4","(X)","(X)","2.9%","±1.0","(X)","(X)","5.8%","±1.4","(X)","(X)","4.8%","±2.3","(X)","(X)","5.0%","±1.1","(X)","(X)","6.3%","±1.8","(X)","(X)","3.4%","±0.8","(X)","(X)","4.6%","±1.6","(X)","(X)","4.4%","±0.7","(X)","(X)","4.9%","±1.3","(X)","(X)","6.1%","±1.4","(X)","(X)","3.6%","±1.1","(X)","(X)","4.9%","±1.1"
"    Females 16 years and over","66,058","±154","66,058","(X)","17,712","±578","17,712","(X)","16,611","±467","16,611","(X)","29,200","±743","29,200","(X)","9,821","±622","9,821","(X)","93","±18","93","(X)","3,684","±265","3,684","(X)","9,900","±115","9,900","(X)","5,572","±202","5,572","(X)","6,731","±255","6,731","(X)","9,370","±437","9,370","(X)","5,946","±355","5,946","(X)","9,825","±620","9,825","(X)","8,080","±475","8,080","(X)","19,617","±539","19,617","(X)","6,715","±598","6,715","(X)","26,136","±739","26,136","(X)","8,938","±398","8,938","(X)","12,342","±704","12,342","(X)","9,346","±477","9,346","(X)","9,501","±331","9,501","(X)"
"        In labor force","48,673","±808","73.7%","±1.2","11,587","±537","65.4%","±2.2","10,530","±429","63.4%","±1.7","20,687","±676","70.8%","±1.8","6,687","±506","68.1%","±3.5","58","±17","62.4%","±14.7","2,296","±245","62.3%","±5.7","6,248","±226","63.1%","±2.4","4,039","±293","72.5%","±4.3","4,092","±269","60.8%","±3.3","6,780","±444","72.4%","±2.8","3,923","±394","66.0%","±5.3","6,587","±603","67.0%","±3.4","6,031","±440","74.6%","±3.5","10,397","±477","53.0%","±2.0","4,968","±489","74.0%","±3.8","17,640","±643","67.5%","±1.8","6,027","±300","67.4%","±2.5","7,325","±606","59.4%","±3.0","6,021","±384","64.4%","±3.2","6,331","±306","66.6%","±2.4"
"            Civilian labor force","48,188","±810","72.9%","±1.2","11,568","±532","65.3%","±2.2","10,488","±430","63.1%","±1.8","20,687","±676","70.8%","±1.8","6,687","±506","68.1%","±3.5","58","±17","62.4%","±14.7","2,292","±245","62.2%","±5.7","6,237","±225","63.0%","±2.4","4,039","±293","72.5%","±4.3","4,050","±265","60.2%","±3.3","6,780","±444","72.4%","±2.8","3,889","±382","65.4%","±5.3","6,517","±603","66.3%","±3.4","5,957","±440","73.7%","±3.6","10,391","±477","53.0%","±2.0","4,960","±490","73.9%","±3.8","17,612","±647","67.4%","±1.8","5,949","±300","66.6%","±2.4","7,246","±603","58.7%","±2.9","5,991","±378","64.1%","±3.1","6,291","±311","66.2%","±2.5"
"                Employed","46,223","±879","70.0%","±1.3","10,741","±566","60.6%","±2.6","10,099","±436","60.8%","±1.9","19,586","±675","67.1%","±1.9","6,167","±515","62.8%","±3.8","55","±17","59.1%","±15.0","2,250","±241","61.1%","±5.7","5,927","±226","59.9%","±2.5","3,778","±261","67.8%","±4.9","3,950","±265","58.7%","±3.3","6,301","±449","67.2%","±2.9","3,635","±366","61.1%","±4.9","6,130","±589","62.4%","±3.6","5,467","±417","67.7%","±3.8","10,054","±487","51.3%","±2.1","4,735","±436","70.5%","±4.0","16,793","±628","64.3%","±1.8","5,656","±288","63.3%","±2.5","6,879","±598","55.7%","±3.2","5,679","±380","60.8%","±3.2","5,999","±318","63.1%","±2.8"
"    Own children of the householder under 6 years","12,506","±254","12,506","(X)","3,325","±451","3,325","(X)","2,777","±290","2,777","(X)","5,641","±566","5,641","(X)","2,072","±353","2,072","(X)","13","±8","13","(X)","730","±166","730","(X)","1,751","±113","1,751","(X)","999","±149","999","(X)","1,724","±288","1,724","(X)","2,113","±260","2,113","(X)","1,207","±302","1,207","(X)","2,858","±615","2,858","(X)","1,829","±373","1,829","(X)","3,018","±343","3,018","(X)","1,107","±326","1,107","(X)","4,842","±466","4,842","(X)","1,763","±282","1,763","(X)","1,868","±253","1,868","(X)","1,960","±315","1,960","(X)","1,707","±243","1,707","(X)"
"        All parents in family in labor force","8,497","±500","67.9%","±3.6","2,397","±384","72.1%","±6.1","2,022","±256","72.8%","±5.2","3,769","±461","66.8%","±5.9","1,489","±312","71.9%","±10.1","10","±7","76.9%","±25.3","546","±152","74.8%","±12.0","1,252","±180","71.5%","±8.8","726","±160","72.7%","±9.5","1,315","±278","76.3%","±10.1","1,457","±261","69.0%","±8.2","666","±218","55.2%","±14.4","1,723","±435","60.3%","±11.6","1,386","±324","75.8%","±8.9","1,693","±285","56.1%","±7.1","645","±219","58.3%","±14.7","3,114","±341","64.3%","±6.2","1,242","±261","70.4%","±8.8","1,246","±251","66.7%","±7.6","1,303","±270","66.5%","±8.0","1,174","±225","68.8%","±10.5"
"    Own children of the householder 6 to 17 years","14,088","±281","14,088","(X)","5,734","±495","5,734","(X)","7,499","±354","7,499","(X)","12,231","±834","12,231","(X)","4,496","±496","4,496","(X)","38","±19","38","(X)","1,682","±232","1,682","(X)","2,913","±170","2,913","(X)","2,261","±163","2,261","(X)","3,116","±322","3,116","(X)","3,406","±480","3,406","(X)","2,831","±639","2,831","(X)","3,239","±457","3,239","(X)","3,219","±436","3,219","(X)","10,049","±517","10,049","(X)","1,852","±444","1,852","(X)","6,880","±529","6,880","(X)","3,205","±358","3,205","(X)","4,333","±456","4,333","(X)","2,674","±412","2,674","(X)","3,580","±301","3,580","(X)"
"        All parents in family in labor force","10,263","±483","72.8%","±3.2","4,398","±504","76.7%","±4.6","5,178","±377","69.0%","±3.7","9,088","±691","74.3%","±3.3","3,448","±455","76.7%","±6.0","14","±10","36.8%","±24.9","1,120","±218","66.6%","±10.8","2,254","±214","77.4%","±5.9","1,650","±225","73.0%","±8.0","2,361","±312","75.8%","±5.6","2,742","±427","80.5%","±5.7","1,723","±457","60.9%","±15.1","2,112","±365","65.2%","±8.3","2,358","±441","73.3%","±8.2","6,371","±555","63.4%","±4.4","1,110","±334","59.9%","±12.5","4,996","±483","72.6%","±4.1","2,378","±335","74.2%","±6.0","3,303","±436","76.2%","±5.5","1,510","±328","56.5%","±9.9","2,679","±342","74.8%","±6.2"
"COMMUTING TO WORK","","","","","","","","","","","","","","","","","","","","","","","","","","","","","","","","","","","","","","","","","","","","","","","","","","","","","","","","","","","","","","","","","","","","","","","","","","","","","","","","","","","",""
"    Workers 16 years and over","94,430","±1,158","94,430","(X)","22,650","±916","22,650","(X)","22,236","±612","22,236","(X)","40,833","±1,148","40,833","(X)","12,528","±679","12,528","(X)","115","±32","115","(X)","4,672","±406","4,672","(X)","12,239","±291","12,239","(X)","7,487","±345","7,487","(X)","8,302","±346","8,302","(X)","13,954","±453","13,954","(X)","8,191","±729","8,191","(X)","13,655","±927","13,655","(X)","11,327","±735","11,327","(X)","22,079","±697","22,079","(X)","10,740","±664","10,740","(X)","34,560","±915","34,560","(X)","11,139","±461","11,139","(X)","15,143","±776","15,143","(X)","12,642","±572","12,642","(X)","12,292","±443","12,292","(X)"
"        Car, truck, or van -- drove alone","55,073","±1,376","58.3%","±1.3","15,784","±759","69.7%","±3.1","16,413","±701","73.8%","±2.1","32,318","±1,109","79.1%","±1.5","10,159","±629","81.1%","±2.6","84","±24","73.0%","±9.5","3,170","±370","67.9%","±5.8","8,649","±461","70.7%","±2.9","4,463","±344","59.6%","±4.3","6,106","±366","73.5%","±3.1","9,979","±464","71.5%","±3.1","5,094","±636","62.2%","±5.5","8,618","±602","63.1%","±4.6","7,955","±711","70.2%","±4.0","16,153","±723","73.2%","±2.3","6,883","±500","64.1%","±3.3","25,395","±794","73.5%","±1.6","7,537","±458","67.7%","±3.3","10,253","±690","67.7%","±2.8","8,981","±481","71.0%","±3.1","8,691","±433","70.7%","±2.7"
"        Car, truck, or van -- carpooled","7,786","±789","8.2%","±0.8","2,959","±536","13.1%","±2.2","2,507","±327","11.3%","±1.4","3,649","±497","8.9%","±1.2","880","±239","7.0%","±1.8","8","±8","7.0%","±7.0","445","±175","9.5%","±3.5","1,118","±268","9.1%","±2.2","553","±155","7.4%","±2.0","655","±167","7.9%","±2.0","1,969","±406","14.1%","±2.8","1,014","±302","12.4%","±3.5","2,550","±809","18.7%","±5.1","1,455","±421","12.8%","±3.6","1,646","±338","7.5%","±1.5","752","±232","7.0%","±2.1","2,219","±280","6.4%","±0.8","975","±216","8.8%","±1.9","2,302","±346","15.2%","±2.1","707","±199","5.6%","±1.6","1,521","±232","12.4%","±1.8"
"        Public transportation (excluding taxicab)","20,919","±969","22.2%","±1.0","1,971","±366","8.7%","±1.5","1,806","±213","8.1%","±1.0","1,592","±294","3.9%","±0.7","652","±182","5.2%","±1.4","3","±4","2.6%","±3.4","455","±104","9.7%","±2.3","1,206","±222","9.9%","±1.8","1,482","±274","19.8%","±3.5","770","±154","9.3%","±1.8","708","±186","5.1%","±1.3","1,249","±311","15.2%","±3.6","1,355","±274","9.9%","±2.1","1,149","±309","10.1%","±2.7","1,301","±207","5.9%","±1.0","1,930","±306","18.0%","±2.7","2,629","±350","7.6%","±1.0","1,772","±299","15.9%","±2.5","1,459","±291","9.6%","±1.9","1,648","±331","13.0%","±2.5","1,205","±205","9.8%","±1.6"
"        Walked","3,339","±403","3.5%","±0.4","440","±214","1.9%","±0.9","98","±57","0.4%","±0.3","370","±133","0.9%","±0.3","130","±71","1.0%","±0.5","10","±10","8.7%","±7.3","56","±39","1.2%","±0.8","508","±171","4.2%","±1.4","249","±127","3.3%","±1.6","56","±44","0.7%","±0.5","486","±144","3.5%","±1.0","363","±225","4.4%","±2.7","328","±184","2.4%","±1.3","188","±109","1.7%","±1.0","350","±117","1.6%","±0.5","306","±162","2.8%","±1.5","697","±200","2.0%","±0.6","71","±53","0.6%","±0.5","281","±122","1.9%","±0.8","415","±168","3.3%","±1.3","110","±55","0.9%","±0.4"
"        Other means","2,565","±370","2.7%","±0.4","698","±406","3.1%","±1.8","178","±63","0.8%","±0.3","460","±142","1.1%","±0.3","64","±44","0.5%","±0.4","0","±12","0.0%","±24.3","95","±120","2.0%","±2.5","106","±57","0.9%","±0.5","205","±91","2.7%","±1.2","104","±49","1.3%","±0.6","245","±79","1.8%","±0.6","329","±187","4.0%","±2.3","162","±95","1.2%","±0.7","75","±59","0.7%","±0.5","452","±132","2.0%","±0.6","326","±224","3.0%","±2.0","601","±168","1.7%","±0.5","101","±67","0.9%","±0.6","463","±198","3.1%","±1.3","186","±83","1.5%","±0.6","154","±86","1.3%","±0.7"
"        Worked at home","4,748","±438","5.0%","±0.5","798","±156","3.5%","±0.7","1,234","±238","5.5%","±1.1","2,444","±321","6.0%","±0.8","643","±154","5.1%","±1.3","10","±9","8.7%","±6.9","451","±143","9.7%","±2.9","652","±161","5.3%","±1.3","535","±162","7.1%","±2.1","611","±143","7.4%","±1.7","567","±144","4.1%","±1.0","142","±112","1.7%","±1.4","642","±204","4.7%","±1.5","505","±204","4.5%","±1.8","2,177","±310","9.9%","±1.3","543","±217","5.1%","±2.0","3,019","±401","8.7%","±1.1","683","±171","6.1%","±1.5","385","±128","2.5%","±0.8","705","±198","5.6%","±1.5","611","±142","5.0%","±1.1"
"    Mean travel time to work (minutes)","31.1","±0.5","(X)","(X)","32.3","±1.5","(X)","(X)","34.1","±0.7","(X)","(X)","34.0","±0.8","(X)","(X)","32.0","±1.8","(X)","(X)","29.1","±5.0","(X)","(X)","28.3","±1.9","(X)","(X)","30.6","±1.1","(X)","(X)","28.5","±1.5","(X)","(X)","32.5","±1.3","(X)","(X)","25.3","±1.1","(X)","(X)","36.7","±2.7","(X)","(X)","30.6","±1.5","(X)","(X)","33.7","±2.4","(X)","(X)","29.4","±0.8","(X)","(X)","32.5","±2.5","(X)","(X)","28.7","±0.7","(X)","(X)","35.2","±2.3","(X)","(X)","29.3","±1.1","(X)","(X)","29.0","±1.7","(X)","(X)","33.5","±1.3","(X)","(X)"
"OCCUPATION","","","","","","","","","","","","","","","","","","","","","","","","","","","","","","","","","","","","","","","","","","","","","","","","","","","","","","","","","","","","","","","","","","","","","","","","","","","","","","","","","","","",""
"    Civilian employed population 16 years and over","93,357","±1,167","93,357","(X)","23,340","±921","23,340","(X)","21,787","±649","21,787","(X)","41,526","±1,112","41,526","(X)","12,670","±681","12,670","(X)","115","±32","115","(X)","4,696","±425","4,696","(X)","12,509","±292","12,509","(X)","7,682","±347","7,682","(X)","7,968","±379","7,968","(X)","14,137","±451","14,137","(X)","8,391","±796","8,391","(X)","13,402","±968","13,402","(X)","11,346","±714","11,346","(X)","22,180","±687","22,180","(X)","10,852","±659","10,852","(X)","34,820","±944","34,820","(X)","11,003","±462","11,003","(X)","15,211","±794","15,211","(X)","12,952","±563","12,952","(X)","12,096","±498","12,096","(X)"
"        Management, business, science, and arts occupations","54,472","±1,080","58.3%","±1.1","8,911","±608","38.2%","±2.5","12,558","±481","57.6%","±2.0","22,961","±906","55.3%","±2.0","6,669","±441","52.6%","±3.6","83","±25","72.2%","±10.5","3,024","±313","64.4%","±5.8","6,487","±380","51.9%","±2.6","5,337","±392","69.5%","±3.6","5,761","±371","72.3%","±2.9","6,355","±541","45.0%","±4.1","2,830","±412","33.7%","±5.2","5,633","±420","42.0%","±3.8","4,726","±515","41.7%","±4.6","16,623","±623","74.9%","±1.9","7,247","±607","66.8%","±4.6","21,738","±666","62.4%","±1.5","5,830","±422","53.0%","±3.3","5,945","±473","39.1%","±2.6","9,059","±535","69.9%","±2.9","6,951","±392","57.5%","±2.7"
"        Service occupations","14,870","±1,001","15.9%","±1.0","6,152","±614","26.4%","±2.4","3,080","±328","14.1%","±1.4","5,413","±560","13.0%","±1.2","1,897","±412","15.0%","±2.8","8","±7","7.0%","±5.7","525","±185","11.2%","±3.4","2,158","±305","17.3%","±2.4","880","±250","11.5%","±3.2","751","±179","9.4%","±2.1","3,037","±401","21.5%","±2.6","1,715","±380","20.4%","±4.0","2,657","±447","19.8%","±2.7","2,503","±424","22.1%","±3.2","1,629","±292","7.3%","±1.3","1,151","±318","10.6%","±2.8","4,577","±490","13.1%","±1.3","1,691","±263","15.4%","±2.3","3,235","±443","21.3%","±2.8","949","±198","7.3%","±1.6","1,765","±278","14.6%","±2.1"
"        Sales and office occupations","15,977","±978","17.1%","±1.0","4,238","±478","18.2%","±1.9","4,159","±379","19.1%","±1.6","8,901","±734","21.4%","±1.6","2,680","±378","21.2%","±2.6","19","±12","16.5%","±9.2","854","±198","18.2%","±3.8","2,627","±329","21.0%","±2.6","1,171","±217","15.2%","±2.8","1,127","±178","14.1%","±2.2","2,456","±286","17.4%","±2.0","1,621","±346","19.3%","±3.9","2,258","±409","16.8%","±3.2","2,344","±457","20.7%","±3.9","3,267","±348","14.7%","±1.5","1,761","±349","16.2%","±3.1","6,179","±422","17.7%","±1.1","2,102","±275","19.1%","±2.3","3,295","±447","21.7%","±2.6","2,333","±338","18.0%","±2.4","2,537","±288","21.0%","±2.2"
"        Natural resources, construction, and maintenance occupations","3,811","±509","4.1%","±0.5","2,863","±554","12.3%","±2.2","974","±195","4.5%","±0.9","2,030","±358","4.9%","±0.9","863","±218","6.8%","±1.7","3","±4","2.6%","±3.6","96","±86","2.0%","±1.8","887","±189","7.1%","±1.5","171","±81","2.2%","±1.1","168","±49","2.1%","±0.6","1,227","±387","8.7%","±2.6","1,622","±520","19.3%","±5.1","1,869","±796","13.9%","±5.3","948","±416","8.4%","±3.5","296","±118","1.3%","±0.5","344","±218","3.2%","±1.9","910","±179","2.6%","±0.5","720","±178","6.5%","±1.6","1,665","±327","10.9%","±2.1","388","±145","3.0%","±1.1","492","±132","4.1%","±1.1"
"        Production, transportation, and material moving occupations","4,227","±520","4.5%","±0.6","1,176","±265","5.0%","±1.1","1,016","±190","4.7%","±0.8","2,221","±333","5.3%","±0.8","561","±151","4.4%","±1.2","2","±3","1.7%","±2.7","197","±100","4.2%","±2.1","350","±101","2.8%","±0.8","123","±62","1.6%","±0.8","161","±67","2.0%","±0.8","1,062","±316","7.5%","±2.2","603","±219","7.2%","±2.6","985","±236","7.3%","±1.8","825","±213","7.3%","±1.8","365","±122","1.6%","±0.5","349","±140","3.2%","±1.3","1,416","±253","4.1%","±0.7","660","±225","6.0%","±2.1","1,071","±239","7.0%","±1.4","223","±91","1.7%","±0.7","351","±122","2.9%","±1.0"
"INDUSTRY","","","","","","","","","","","","","","","","","","","","","","","","","","","","","","","","","","","","","","","","","","","","","","","","","","","","","","","","","","","","","","","","","","","","","","","","","","","","","","","","","","","",""
"    Civilian employed population 16 years and over","93,357","±1,167","93,357","(X)","23,340","±921","23,340","(X)","21,787","±649","21,787","(X)","41,526","±1,112","41,526","(X)","12,670","±681","12,670","(X)","115","±32","115","(X)","4,696","±425","4,696","(X)","12,509","±292","12,509","(X)","7,682","±347","7,682","(X)","7,968","±379","7,968","(X)","14,137","±451","14,137","(X)","8,391","±796","8,391","(X)","13,402","±968","13,402","(X)","11,346","±714","11,346","(X)","22,180","±687","22,180","(X)","10,852","±659","10,852","(X)","34,820","±944","34,820","(X)","11,003","±462","11,003","(X)","15,211","±794","15,211","(X)","12,952","±563","12,952","(X)","12,096","±498","12,096","(X)"
"        Agriculture, forestry, fishing and hunting, and mining","196","±93","0.2%","±0.1","88","±82","0.4%","±0.3","85","±60","0.4%","±0.3","13","±15","0.0%","±0.1","0","±22","0.0%","±0.3","2","±3","1.7%","±2.8","0","±17","0.0%","±0.7","28","±27","0.2%","±0.2","0","±19","0.0%","±0.4","24","±21","0.3%","±0.3","49","±69","0.3%","±0.5","24","±31","0.3%","±0.4","0","±22","0.0%","±0.2","32","±38","0.3%","±0.3","34","±28","0.2%","±0.1","10","±16","0.1%","±0.2","46","±41","0.1%","±0.1","40","±35","0.4%","±0.3","31","±48","0.2%","±0.3","25","±30","0.2%","±0.2","34","±32","0.3%","±0.3"
"        Construction","4,261","±572","4.6%","±0.6","2,797","±585","12.0%","±2.3","900","±163","4.1%","±0.7","2,238","±362","5.4%","±0.8","800","±233","6.3%","±1.8","3","±5","2.6%","±4.2","173","±116","3.7%","±2.5","837","±170","6.7%","±1.4","154","±101","2.0%","±1.3","276","±81","3.5%","±1.0","1,204","±353","8.5%","±2.4","1,438","±504","17.1%","±5.0","1,871","±800","14.0%","±5.4","560","±309","4.9%","±2.7","572","±169","2.6%","±0.8","390","±209","3.6%","±1.8","1,079","±220","3.1%","±0.6","589","±171","5.4%","±1.5","1,294","±304","8.5%","±1.9","303","±134","2.3%","±1.0","488","±134","4.0%","±1.1"
"        Manufacturing","1,919","±283","2.1%","±0.3","285","±96","1.2%","±0.4","573","±152","2.6%","±0.7","1,386","±253","3.3%","±0.6","424","±143","3.3%","±1.1","3","±5","2.6%","±3.7","175","±94","3.7%","±1.9","457","±132","3.7%","±1.0","247","±107","3.2%","±1.4","150","±57","1.9%","±0.7","338","±103","2.4%","±0.7","157","±96","1.9%","±1.1","391","±191","2.9%","±1.4","301","±120","2.7%","±1.0","688","±159","3.1%","±0.7","256","±111","2.4%","±1.0","1,140","±239","3.3%","±0.7","291","±100","2.6%","±0.9","473","±123","3.1%","±0.8","303","±97","2.3%","±0.8","172","±70","1.4%","±0.6"
"        Wholesale trade","710","±144","0.8%","±0.2","250","±98","1.1%","±0.4","286","±97","1.3%","±0.4","721","±186","1.7%","±0.4","173","±95","1.4%","±0.8","3","±5","2.6%","±4.0","82","±88","1.7%","±1.8","110","±62","0.9%","±0.5","37","±40","0.5%","±0.5","58","±43","0.7%","±0.5","74","±37","0.5%","±0.3","17","±29","0.2%","±0.3","90","±57","0.7%","±0.4","161","±120","1.4%","±1.0","172","±88","0.8%","±0.4","265","±124","2.4%","±1.2","491","±137","1.4%","±0.4","192","±88","1.7%","±0.8","206","±105","1.4%","±0.7","156","±79","1.2%","±0.6","98","±53","0.8%","±0.4"
"        Retail trade","5,961","±551","6.4%","±0.6","2,221","±487","9.5%","±2.0","1,441","±239","6.6%","±1.1","3,786","±439","9.1%","±1.0","1,134","±267","9.0%","±2.1","9","±8","7.8%","±6.5","200","±78","4.3%","±1.7","1,357","±275","10.8%","±2.2","571","±206","7.4%","±2.6","344","±87","4.3%","±1.1","1,210","±212","8.6%","±1.5","1,233","±284","14.7%","±3.2","1,191","±302","8.9%","±2.3","1,214","±333","10.7%","±2.9","1,098","±243","5.0%","±1.1","716","±239","6.6%","±2.2","2,405","±333","6.9%","±0.9","1,063","±247","9.7%","±2.2","1,776","±304","11.7%","±1.8","926","±234","7.1%","±1.7","921","±190","7.6%","±1.5"
"        Transportation and warehousing, and utilities","2,959","±472","3.2%","±0.5","751","±166","3.2%","±0.7","573","±138","2.6%","±0.6","1,578","±273","3.8%","±0.6","385","±132","3.0%","±1.0","9","±11","7.8%","±8.2","73","±49","1.6%","±1.0","224","±113","1.8%","±0.9","59","±35","0.8%","±0.5","106","±51","1.3%","±0.6","734","±183","5.2%","±1.3","388","±189","4.6%","±2.3","566","±152","4.2%","±1.2","573","±214","5.1%","±1.9","257","±81","1.2%","±0.4","162","±67","1.5%","±0.6","987","±213","2.8%","±0.6","483","±160","4.4%","±1.5","527","±188","3.5%","±1.2","217","±75","1.7%","±0.6","407","±150","3.4%","±1.2"
"        Information","2,535","±323","2.7%","±0.3","317","±97","1.4%","±0.4","507","±127","2.3%","±0.6","1,119","±219","2.7%","±0.5","499","±170","3.9%","±1.3","5","±5","4.3%","±4.1","83","±38","1.8%","±0.8","289","±103","2.3%","±0.8","175","±82","2.3%","±1.1","214","±74","2.7%","±0.9","635","±182","4.5%","±1.3","30","±30","0.4%","±0.4","254","±91","1.9%","±0.7","432","±194","3.8%","±1.7","743","±144","3.3%","±0.6","315","±106","2.9%","±1.0","1,576","±276","4.5%","±0.8","334","±104","3.0%","±0.9","296","±121","1.9%","±0.8","413","±145","3.2%","±1.1","318","±111","2.6%","±0.9"
"        Finance and insurance, and real estate and rental and leasing","6,230","±546","6.7%","±0.6","1,088","±230","4.7%","±1.0","1,309","±233","6.0%","±1.1","2,528","±334","6.1%","±0.8","832","±172","6.6%","±1.3","12","±10","10.4%","±7.5","375","±125","8.0%","±2.7","796","±181","6.4%","±1.5","589","±181","7.7%","±2.4","507","±119","6.4%","±1.5","787","±179","5.6%","±1.3","493","±206","5.9%","±2.3","630","±176","4.7%","±1.3","598","±200","5.3%","±1.7","1,941","±250","8.8%","±1.1","835","±200","7.7%","±1.9","2,156","±308","6.2%","±0.9","753","±158","6.8%","±1.4","948","±221","6.2%","±1.4","1,282","±228","9.9%","±1.8","876","±155","7.2%","±1.2"
"        Professional, scientific, and management, and administrative and waste management services","21,369","±992","22.9%","±1.0","3,987","±360","17.1%","±1.7","4,986","±331","22.9%","±1.5","10,954","±623","26.4%","±1.4","3,495","±352","27.6%","±2.6","29","±13","25.2%","±9.2","1,389","±272","29.6%","±4.9","2,698","±258","21.6%","±2.0","2,030","±294","26.4%","±3.4","2,000","±274","25.1%","±3.1","3,629","±398","25.7%","±2.8","1,118","±262","13.3%","±3.1","3,046","±460","22.7%","±3.1","1,621","±272","14.3%","±2.4","6,524","±461","29.4%","±2.0","3,690","±463","34.0%","±4.0","11,154","±682","32.0%","±1.7","1,993","±257","18.1%","±2.2","2,632","±354","17.3%","±2.3","4,680","±427","36.1%","±2.9","2,501","±315","20.7%","±2.5"
"        Educational services, and health care and social assistance","15,738","±970","16.9%","±1.0","4,432","±406","19.0%","±1.6","4,750","±371","21.8%","±1.7","8,057","±685","19.4%","±1.5","2,099","±270","16.6%","±2.0","24","±14","20.9%","±12.1","744","±189","15.8%","±4.2","2,634","±252","21.1%","±2.0","1,145","±205","14.9%","±2.6","1,590","±190","20.0%","±2.3","1,840","±242","13.0%","±1.7","1,417","±298","16.9%","±3.3","1,713","±306","12.8%","±2.1","2,590","±415","22.8%","±3.2","3,990","±362","18.0%","±1.5","1,768","±293","16.3%","±2.6","6,025","±455","17.3%","±1.2","2,199","±266","20.0%","±2.4","2,526","±385","16.6%","±2.4","1,881","±230","14.5%","±1.7","2,499","±282","20.7%","±2.3"
"        Arts, entertainment, and recreation, and accommodation and food services","9,615","±903","10.3%","±0.9","2,984","±471","12.8%","±2.1","1,766","±223","8.1%","±1.0","3,574","±463","8.6%","±1.0","943","±237","7.4%","±1.7","4","±7","3.5%","±5.5","326","±140","6.9%","±2.7","1,234","±211","9.9%","±1.7","434","±127","5.6%","±1.7","539","±142","6.8%","±1.7","2,033","±427","14.4%","±2.8","1,080","±276","12.9%","±3.4","1,375","±277","10.3%","±2.1","894","±250","7.9%","±2.1","1,426","±232","6.4%","±1.0","881","±304","8.1%","±2.6","2,822","±398","8.1%","±1.1","727","±152","6.6%","±1.3","1,663","±319","10.9%","±2.1","869","±189","6.7%","±1.4","913","±187","7.5%","±1.5"
"        Other services, except public administration","7,071","±648","7.6%","±0.7","2,201","±333","9.4%","±1.3","1,546","±196","7.1%","±0.9","2,133","±313","5.1%","±0.7","843","±235","6.7%","±1.7","9","±7","7.8%","±6.0","362","±140","7.7%","±2.8","668","±142","5.3%","±1.1","578","±169","7.5%","±2.2","476","±132","6.0%","±1.6","646","±146","4.6%","±1.0","374","±167","4.5%","±2.0","876","±213","6.5%","±1.7","640","±261","5.6%","±2.3","1,441","±250","6.5%","±1.1","589","±170","5.4%","±1.5","1,689","±277","4.9%","±0.8","769","±160","7.0%","±1.5","1,592","±337","10.5%","±2.1","486","±127","3.8%","±1.0","761","±169","6.3%","±1.4"
"        Public administration","14,793","±764","15.8%","±0.8","1,939","±283","8.3%","±1.1","3,065","±296","14.1%","±1.3","3,439","±359","8.3%","±0.9","1,043","±183","8.2%","±1.5","3","±3","2.6%","±2.9","714","±181","15.2%","±3.6","1,177","±186","9.4%","±1.5","1,663","±226","21.6%","±2.7","1,684","±200","21.1%","±2.4","958","±174","6.8%","±1.3","622","±203","7.4%","±2.4","1,399","±214","10.4%","±1.8","1,730","±253","15.2%","±2.4","3,294","±340","14.9%","±1.4","975","±222","9.0%","±1.9","3,250","±346","9.3%","±1.0","1,570","±248","14.3%","±2.1","1,247","±218","8.2%","±1.4","1,411","±270","10.9%","±2.0","2,108","±245","17.4%","±1.9"
"CLASS OF WORKER","","","","","","","","","","","","","","","","","","","","","","","","","","","","","","","","","","","","","","","","","","","","","","","","","","","","","","","","","","","","","","","","","","","","","","","","","","","","","","","","","","","",""
"    Civilian employed population 16 years and over","93,357","±1,167","93,357","(X)","23,340","±921","23,340","(X)","21,787","±649","21,787","(X)","41,526","±1,112","41,526","(X)","12,670","±681","12,670","(X)","115","±32","115","(X)","4,696","±425","4,696","(X)","12,509","±292","12,509","(X)","7,682","±347","7,682","(X)","7,968","±379","7,968","(X)","14,137","±451","14,137","(X)","8,391","±796","8,391","(X)","13,402","±968","13,402","(X)","11,346","±714","11,346","(X)","22,180","±687","22,180","(X)","10,852","±659","10,852","(X)","34,820","±944","34,820","(X)","11,003","±462","11,003","(X)","15,211","±794","15,211","(X)","12,952","±563","12,952","(X)","12,096","±498","12,096","(X)"
"        Private wage and salary workers","65,380","±1,355","70.0%","±1.0","17,839","±906","76.4%","±2.0","14,589","±617","67.0%","±1.8","31,977","±1,034","77.0%","±1.2","9,922","±710","78.3%","±2.6","88","±28","76.5%","±10.5","3,249","±374","69.2%","±4.6","9,364","±356","74.9%","±2.1","4,677","±341","60.9%","±3.9","4,932","±347","61.9%","±3.1","11,565","±487","81.8%","±1.8","6,729","±772","80.2%","±3.8","10,099","±893","75.4%","±3.2","7,511","±648","66.2%","±3.5","15,860","±602","71.5%","±2.0","8,852","±638","81.6%","±2.8","26,900","±969","77.3%","±1.4","7,453","±444","67.7%","±2.9","11,878","±723","78.1%","±2.2","9,990","±526","77.1%","±2.3","7,786","±460","64.4%","±2.5"
"        Government workers","23,557","±850","25.2%","±0.9","3,846","±394","16.5%","±1.6","5,897","±338","27.1%","±1.5","7,611","±498","18.3%","±1.2","2,109","±258","16.6%","±2.1","23","±13","20.0%","±9.7","1,117","±215","23.8%","±4.2","2,554","±238","20.4%","±1.9","2,420","±285","31.5%","±3.4","2,545","±253","31.9%","±2.9","1,891","±243","13.4%","±1.8","1,369","±295","16.3%","±3.6","2,289","±314","17.1%","±2.6","3,113","±356","27.4%","±3.1","4,866","±426","21.9%","±1.7","1,668","±311","15.4%","±2.7","5,950","±469","17.1%","±1.4","2,881","±339","26.2%","±2.9","2,564","±314","16.9%","±2.0","2,278","±314","17.6%","±2.3","3,737","±324","30.9%","±2.5"
"        Self-employed in own not incorporated business workers","4,396","±415","4.7%","±0.4","1,627","±292","7.0%","±1.2","1,256","±247","5.8%","±1.1","1,852","±329","4.5%","±0.8","617","±190","4.9%","±1.5","4","±5","3.5%","±3.7","330","±136","7.0%","±2.8","571","±159","4.6%","±1.3","585","±178","7.6%","±2.2","472","±102","5.9%","±1.2","673","±148","4.8%","±1.0","267","±123","3.2%","±1.4","988","±366","7.4%","±2.6","694","±329","6.1%","±2.8","1,448","±253","6.5%","±1.1","317","±108","2.9%","±1.0","1,932","±219","5.5%","±0.6","649","±141","5.9%","±1.2","739","±182","4.9%","±1.1","679","±196","5.2%","±1.5","566","±140","4.7%","±1.1"
"        Unpaid family workers","24","±23","0.0%","±0.1","28","±31","0.1%","±0.1","45","±38","0.2%","±0.2","86","±84","0.2%","±0.2","22","±26","0.2%","±0.2","0","±12","0.0%","±24.3","0","±17","0.0%","±0.7","20","±23","0.2%","±0.2","0","±19","0.0%","±0.4","19","±22","0.2%","±0.3","8","±11","0.1%","±0.1","26","±44","0.3%","±0.5","26","±35","0.2%","±0.3","28","±36","0.2%","±0.3","6","±9","0.0%","±0.1","15","±24","0.1%","±0.2","38","±30","0.1%","±0.1","20","±31","0.2%","±0.3","30","±33","0.2%","±0.2","5","±7","0.0%","±0.1","7","±12","0.1%","±0.1"
"INCOME AND BENEFITS (IN 2016 INFLATION-ADJUSTED DOLLARS)","","","","","","","","","","","","","","","","","","","","","","","","","","","","","","","","","","","","","","","","","","","","","","","","","","","","","","","","","","","","","","","","","","","","","","","","","","","","","","","","","","","",""
"    Total households","68,063","±685","68,063","(X)","13,890","±236","13,890","(X)","13,569","±171","13,569","(X)","24,635","±289","24,635","(X)","7,347","±214","7,347","(X)","78","±26","78","(X)","2,886","±117","2,886","(X)","8,476","±134","8,476","(X)","5,301","±129","5,301","(X)","5,948","±150","5,948","(X)","7,573","±346","7,573","(X)","5,622","±244","5,622","(X)","7,924","±280","7,924","(X)","6,684","±234","6,684","(X)","16,801","±271","16,801","(X)","6,840","±236","6,840","(X)","25,436","±351","25,436","(X)","7,009","±180","7,009","(X)","9,811","±271","9,811","(X)","10,298","±276","10,298","(X)","8,370","±111","8,370","(X)"
"        Less than $10,000","2,506","±375","3.7%","±0.5","697","±167","5.0%","±1.2","289","±86","2.1%","±0.6","626","±165","2.5%","±0.7","190","±122","2.6%","±1.6","0","±12","0.0%","±32.7","72","±45","2.5%","±1.6","264","±84","3.1%","±1.0","100","±65","1.9%","±1.2","25","±27","0.4%","±0.5","142","±80","1.9%","±1.0","479","±151","8.5%","±2.6","193","±99","2.4%","±1.3","168","±107","2.5%","±1.6","352","±118","2.1%","±0.7","222","±118","3.2%","±1.7","615","±142","2.4%","±0.6","219","±112","3.1%","±1.6","357","±151","3.6%","±1.5","484","±124","4.7%","±1.2","183","±74","2.2%","±0.9"
"        $10,000 to $14,999","1,372","±287","2.0%","±0.4","320","±112","2.3%","±0.8","66","±33","0.5%","±0.2","306","±107","1.2%","±0.4","153","±79","2.1%","±1.1","0","±12","0.0%","±32.7","34","±32","1.2%","±1.1","61","±40","0.7%","±0.5","88","±88","1.7%","±1.7","31","±28","0.5%","±0.5","105","±53","1.4%","±0.7","334","±154","5.9%","±2.7","188","±113","2.4%","±1.4","96","±81","1.4%","±1.2","242","±116","1.4%","±0.7","91","±68","1.3%","±1.0","548","±134","2.2%","±0.5","105","±58","1.5%","±0.8","241","±127","2.5%","±1.3","101","±71","1.0%","±0.7","53","±35","0.6%","±0.4"
"        $15,000 to $24,999","3,278","±392","4.8%","±0.6","636","±153","4.6%","±1.1","210","±69","1.5%","±0.5","747","±171","3.0%","±0.7","192","±90","2.6%","±1.2","1","±3","1.3%","±4.1","21","±30","0.7%","±1.1","363","±105","4.3%","±1.2","246","±115","4.6%","±2.1","77","±44","1.3%","±0.7","221","±88","2.9%","±1.1","456","±167","8.1%","±2.9","268","±153","3.4%","±1.9","245","±140","3.7%","±2.1","365","±98","2.2%","±0.6","137","±85","2.0%","±1.2","814","±209","3.2%","±0.8","136","±72","1.9%","±1.0","435","±139","4.4%","±1.4","323","±126","3.1%","±1.2","177","±62","2.1%","±0.7"
"        $25,000 to $34,999","3,438","±434","5.1%","±0.6","933","±217","6.7%","±1.5","306","±94","2.3%","±0.7","923","±212","3.7%","±0.9","349","±140","4.8%","±1.9","1","±3","1.3%","±3.9","69","±40","2.4%","±1.4","449","±152","5.3%","±1.8","154","±67","2.9%","±1.2","142","±61","2.4%","±1.0","346","±131","4.6%","±1.7","624","±215","11.1%","±3.8","522","±152","6.6%","±1.9","466","±190","7.0%","±2.9","277","±124","1.6%","±0.7","347","±163","5.1%","±2.4","1,004","±185","3.9%","±0.7","301","±87","4.3%","±1.2","426","±117","4.3%","±1.2","453","±165","4.4%","±1.6","247","±75","3.0%","±0.9"
"        $35,000 to $49,999","6,744","±568","9.9%","±0.8","1,418","±244","10.2%","±1.7","661","±114","4.9%","±0.8","1,628","±232","6.6%","±0.9","576","±140","7.8%","±1.9","3","±5","3.8%","±5.3","62","±45","2.1%","±1.6","636","±140","7.5%","±1.6","319","±120","6.0%","±2.2","179","±62","3.0%","±1.0","527","±128","7.0%","±1.6","580","±213","10.3%","±3.8","642","±172","8.1%","±2.2","688","±213","10.3%","±3.2","437","±122","2.6%","±0.7","400","±133","5.8%","±1.9","1,418","±263","5.6%","±1.0","422","±135","6.0%","±1.9","744","±184","7.6%","±1.8","513","±141","5.0%","±1.4","502","±137","6.0%","±1.6"
"        $50,000 to $74,999","10,957","±690","16.1%","±1.0","2,474","±317","17.8%","±2.3","1,184","±191","8.7%","±1.4","3,563","±343","14.5%","±1.4","660","±170","9.0%","±2.3","3","±4","3.8%","±4.5","210","±73","7.3%","±2.5","1,335","±205","15.8%","±2.5","699","±179","13.2%","±3.4","414","±105","7.0%","±1.7","1,005","±204","13.3%","±2.6","1,152","±260","20.5%","±4.5","1,308","±240","16.5%","±2.9","739","±202","11.1%","±3.0","1,031","±160","6.1%","±1.0","790","±207","11.5%","±3.1","3,589","±348","14.1%","±1.3","968","±165","13.8%","±2.4","1,747","±248","17.8%","±2.5","1,804","±272","17.5%","±2.6","1,073","±195","12.8%","±2.3"
"        $75,000 to $99,999","9,411","±656","13.8%","±1.0","1,851","±269","13.3%","±1.9","1,605","±211","11.8%","±1.5","3,486","±349","14.2%","±1.4","876","±186","11.9%","±2.5","6","±6","7.7%","±6.4","393","±123","13.6%","±4.1","961","±161","11.3%","±1.9","641","±167","12.1%","±3.1","519","±114","8.7%","±1.9","1,177","±195","15.5%","±2.5","606","±229","10.8%","±4.0","1,000","±206","12.6%","±2.5","1,024","±255","15.3%","±3.7","1,110","±202","6.6%","±1.2","982","±210","14.4%","±3.0","3,169","±319","12.5%","±1.2","870","±146","12.4%","±2.1","1,350","±197","13.8%","±2.0","1,621","±278","15.7%","±2.7","1,309","±220","15.6%","±2.6"
"        $100,000 to $149,999","13,396","±619","19.7%","±0.9","2,356","±268","17.0%","±1.9","3,540","±286","26.1%","±2.1","5,928","±446","24.1%","±1.8","1,519","±222","20.7%","±2.9","19","±14","24.4%","±13.2","496","±124","17.2%","±4.3","1,786","±212","21.1%","±2.5","962","±187","18.1%","±3.5","1,161","±179","19.5%","±2.9","2,067","±260","27.3%","±3.2","661","±195","11.8%","±3.4","1,820","±226","23.0%","±2.7","1,560","±261","23.3%","±3.7","2,574","±271","15.3%","±1.6","1,927","±257","28.2%","±3.6","5,747","±460","22.6%","±1.8","1,346","±183","19.2%","±2.5","2,289","±279","23.3%","±2.8","2,458","±303","23.9%","±3.0","2,052","±249","24.5%","±3.0"
"        $150,000 to $199,999","6,751","±407","9.9%","±0.6","1,629","±228","11.7%","±1.6","2,697","±249","19.9%","±1.9","3,463","±333","14.1%","±1.3","1,076","±189","14.6%","±2.6","11","±11","14.1%","±11.3","386","±102","13.4%","±3.6","1,195","±170","14.1%","±2.0","750","±158","14.1%","±3.0","1,055","±174","17.7%","±2.9","869","±177","11.5%","±2.3","346","±141","6.2%","±2.5","969","±184","12.2%","±2.3","893","±187","13.4%","±2.8","2,480","±287","14.8%","±1.7","957","±240","14.0%","±3.4","3,635","±334","14.3%","±1.3","1,205","±201","17.2%","±2.9","1,149","±170","11.7%","±1.8","983","±222","9.5%","±2.1","1,449","±184","17.3%","±2.2"
"        $200,000 or more","10,210","±480","15.0%","±0.7","1,576","±196","11.3%","±1.5","3,011","±236","22.2%","±1.7","3,965","±358","16.1%","±1.4","1,756","±210","23.9%","±2.9","34","±14","43.6%","±19.5","1,143","±154","39.6%","±5.2","1,426","±178","16.8%","±2.1","1,342","±153","25.3%","±3.0","2,345","±190","39.4%","±3.2","1,114","±139","14.7%","±1.8","384","±141","6.8%","±2.5","1,014","±165","12.8%","±2.0","805","±178","12.0%","±2.7","7,933","±424","47.2%","±2.3","987","±196","14.4%","±2.8","4,897","±382","19.3%","±1.5","1,437","±209","20.5%","±2.9","1,073","±180","10.9%","±1.8","1,558","±224","15.1%","±2.1","1,325","±154","15.8%","±1.8"
"        Median household income (dollars)","89,200","±1,987","(X)","(X)","80,717","±3,779","(X)","(X)","134,290","±4,609","(X)","(X)","106,205","±3,322","(X)","(X)","117,553","±6,404","(X)","(X)","178,750","±51,910","(X)","(X)","160,774","±17,806","(X)","(X)","104,065","±6,427","(X)","(X)","115,244","±5,404","(X)","(X)","172,857","±8,366","(X)","(X)","104,204","±5,624","(X)","(X)","56,458","±5,954","(X)","(X)","94,286","±8,542","(X)","(X)","97,279","±8,526","(X)","(X)","190,258","±7,098","(X)","(X)","110,121","±5,149","(X)","(X)","111,353","±3,705","(X)","(X)","114,872","±7,304","(X)","(X)","92,055","±5,406","(X)","(X)","96,446","±6,232","(X)","(X)","112,250","±6,038","(X)","(X)"
"        Mean household income (dollars)","119,162","±2,205","(X)","(X)","105,195","±4,282","(X)","(X)","149,351","±4,414","(X)","(X)","126,952","±4,015","(X)","(X)","141,128","±6,515","(X)","(X)","241,117","±67,043","(X)","(X)","190,630","±13,869","(X)","(X)","125,206","±4,658","(X)","(X)","164,508","±11,474","(X)","(X)","193,757","±8,740","(X)","(X)","121,321","±4,648","(X)","(X)","76,749","±6,580","(X)","(X)","114,139","±5,299","(X)","(X)","110,281","±5,955","(X)","(X)","280,225","±12,656","(X)","(X)","124,668","±7,466","(X)","(X)","139,468","±4,594","(X)","(X)","140,561","±9,735","(X)","(X)","109,942","±5,577","(X)","(X)","120,824","±5,625","(X)","(X)","131,107","±5,232","(X)","(X)"
"    With earnings","60,659","±706","89.1%","±0.6","11,810","±307","85.0%","±1.6","12,119","±229","89.3%","±1.3","23,246","±338","94.4%","±0.8","6,699","±256","91.2%","±2.2","68","±22","87.2%","±9.7","2,556","±131","88.6%","±2.8","7,199","±158","84.9%","±1.7","4,768","±174","89.9%","±2.5","4,995","±179","84.0%","±1.9","6,974","±345","92.1%","±1.6","4,594","±288","81.7%","±3.8","7,027","±324","88.7%","±1.9","6,058","±258","90.6%","±2.2","13,623","±312","81.1%","±1.4","6,402","±255","93.6%","±1.9","22,175","±405","87.2%","±1.1","6,029","±229","86.0%","±2.4","7,356","±298","75.0%","±2.2","8,977","±290","87.2%","±1.9","7,376","±155","88.1%","±1.4"
"        Mean earnings (dollars)","116,920","±2,339","(X)","(X)","99,927","±4,121","(X)","(X)","135,332","±4,667","(X)","(X)","122,829","±4,016","(X)","(X)","137,726","±7,231","(X)","(X)","236,832","±68,911","(X)","(X)","181,375","±15,046","(X)","(X)","120,851","±4,961","(X)","(X)","153,616","±11,907","(X)","(X)","179,553","±9,119","(X)","(X)","117,236","±5,050","(X)","(X)","80,872","±8,046","(X)","(X)","107,124","±5,467","(X)","(X)","107,215","±6,653","(X)","(X)","271,421","±12,354","(X)","(X)","122,322","±7,589","(X)","(X)","136,476","±5,431","(X)","(X)","135,977","±9,149","(X)","(X)","111,856","±6,104","(X)","(X)","122,236","±6,250","(X)","(X)","122,028","±5,464","(X)","(X)"
"    With Social Security","9,858","±402","14.5%","±0.6","3,011","±246","21.7%","±1.8","3,085","±162","22.7%","±1.2","3,171","±310","12.9%","±1.2","1,327","±196","18.1%","±2.6","25","±15","32.1%","±12.9","778","±107","27.0%","±3.7","2,165","±198","25.5%","±2.2","1,159","±187","21.9%","±3.5","1,886","±154","31.7%","±2.4","1,267","±152","16.7%","±1.8","1,142","±189","20.3%","±3.2","1,285","±157","16.2%","±2.0","955","±177","14.3%","±2.6","5,012","±316","29.8%","±1.9","774","±151","11.3%","±2.3","5,522","±367","21.7%","±1.4","1,561","±165","22.3%","±2.3","3,099","±228","31.6%","±2.2","1,385","±181","13.4%","±1.7","1,671","±134","20.0%","±1.6"
"        Mean Social Security income (dollars)","17,047","±570","(X)","(X)","17,073","±1,284","(X)","(X)","20,223","±921","(X)","(X)","17,357","±1,016","(X)","(X)","18,452","±2,261","(X)","(X)","16,232","±4,373","(X)","(X)","19,101","±2,415","(X)","(X)","18,895","±1,247","(X)","(X)","18,082","±2,294","(X)","(X)","20,861","±1,644","(X)","(X)","16,736","±1,738","(X)","(X)","15,927","±2,703","(X)","(X)","17,091","±1,747","(X)","(X)","17,863","±2,288","(X)","(X)","20,889","±1,198","(X)","(X)","15,991","±2,040","(X)","(X)","20,364","±1,000","(X)","(X)","18,836","±1,908","(X)","(X)","16,829","±1,255","(X)","(X)","18,088","±1,691","(X)","(X)","19,378","±1,255","(X)","(X)"
"    With retirement income","8,962","±480","13.2%","±0.7","2,737","±261","19.7%","±1.9","4,124","±226","30.4%","±1.7","3,151","±307","12.8%","±1.2","1,288","±225","17.5%","±3.0","26","±12","33.3%","±11.9","745","±127","25.8%","±4.3","1,899","±179","22.4%","±2.0","1,097","±143","20.7%","±2.6","1,876","±162","31.5%","±2.7","1,063","±160","14.0%","±2.0","605","±160","10.8%","±2.8","1,386","±198","17.5%","±2.5","1,204","±170","18.0%","±2.6","4,729","±329","28.1%","±1.9","769","±170","11.2%","±2.5","4,716","±322","18.5%","±1.3","1,669","±216","23.8%","±3.0","2,808","±224","28.6%","±2.2","942","±154","9.1%","±1.5","2,265","±209","27.1%","±2.5"
"        Mean retirement income (dollars)","47,450","±2,820","(X)","(X)","39,854","±3,542","(X)","(X)","55,079","±2,985","(X)","(X)","35,697","±3,835","(X)","(X)","42,992","±5,248","(X)","(X)","49,154","±14,783","(X)","(X)","49,838","±6,078","(X)","(X)","48,287","±8,850","(X)","(X)","52,347","±7,711","(X)","(X)","65,513","±8,661","(X)","(X)","36,977","±5,910","(X)","(X)","34,775","±8,133","(X)","(X)","57,436","±8,013","(X)","(X)","31,418","±5,956","(X)","(X)","60,868","±3,776","(X)","(X)","44,280","±8,587","(X)","(X)","43,349","±3,375","(X)","(X)","46,299","±5,602","(X)","(X)","45,528","±4,408","(X)","(X)","47,038","±8,575","(X)","(X)","50,679","±3,475","(X)","(X)"
"    With Supplemental Security Income","1,476","±257","2.2%","±0.4","281","±82","2.0%","±0.6","356","±106","2.6%","±0.8","370","±95","1.5%","±0.4","176","±95","2.4%","±1.3","0","±12","0.0%","±32.7","75","±47","2.6%","±1.6","178","±73","2.1%","±0.9","42","±31","0.8%","±0.6","55","±35","0.9%","±0.6","144","±69","1.9%","±0.9","198","±115","3.5%","±2.1","149","±69","1.9%","±0.9","173","±90","2.6%","±1.3","201","±78","1.2%","±0.5","74","±53","1.1%","±0.8","603","±123","2.4%","±0.5","244","±96","3.5%","±1.4","371","±139","3.8%","±1.4","212","±78","2.1%","±0.8","140","±58","1.7%","±0.7"
"        Mean Supplemental Security Income (dollars)","9,338","±840","(X)","(X)","8,965","±1,792","(X)","(X)","7,803","±1,223","(X)","(X)","7,710","±1,184","(X)","(X)","8,571","±748","(X)","(X)","-","**","(X)","(X)","7,091","±821","(X)","(X)","9,506","±2,179","(X)","(X)","5,393","±2,813","(X)","(X)","15,636","±6,907","(X)","(X)","7,256","±1,036","(X)","(X)","9,024","±2,136","(X)","(X)","8,137","±1,771","(X)","(X)","8,285","±2,438","(X)","(X)","11,177","±3,068","(X)","(X)","8,000","±1,859","(X)","(X)","9,211","±1,486","(X)","(X)","8,951","±2,678","(X)","(X)","8,240","±1,975","(X)","(X)","7,890","±1,353","(X)","(X)","6,644","±1,762","(X)","(X)"
"    With cash public assistance income","995","±237","1.5%","±0.3","175","±81","1.3%","±0.6","73","±41","0.5%","±0.3","209","±89","0.8%","±0.4","118","±55","1.6%","±0.7","0","±12","0.0%","±32.7","26","±22","0.9%","±0.8","82","±64","1.0%","±0.8","83","±63","1.6%","±1.2","27","±25","0.5%","±0.4","44","±34","0.6%","±0.5","111","±92","2.0%","±1.6","39","±32","0.5%","±0.4","148","±93","2.2%","±1.4","67","±36","0.4%","±0.2","54","±55","0.8%","±0.8","338","±136","1.3%","±0.5","37","±29","0.5%","±0.4","102","±58","1.0%","±0.6","52","±46","0.5%","±0.4","54","±46","0.6%","±0.6"
"        Mean cash public assistance income (dollars)","2,132","±367","(X)","(X)","3,158","±1,056","(X)","(X)","11,889","±8,392","(X)","(X)","3,343","±938","(X)","(X)","3,631","±1,906","(X)","(X)","-","**","(X)","(X)","4,092","±2,736","(X)","(X)","6,067","±6,638","(X)","(X)","835","±323","(X)","(X)","5,285","±4,194","(X)","(X)","3,409","±2,837","(X)","(X)","564","±613","(X)","(X)","4,464","±2,951","(X)","(X)","6,627","±3,127","(X)","(X)","4,873","±4,568","(X)","(X)","N","N","N","N","2,537","±1,193","(X)","(X)","3,514","±4,381","(X)","(X)","2,383","±1,497","(X)","(X)","1,969","±1,962","(X)","(X)","2,902","±1,862","(X)","(X)"
"    With Food Stamp/SNAP benefits in the past 12 months","3,389","±401","5.0%","±0.6","1,214","±238","8.7%","±1.7","290","±83","2.1%","±0.6","1,065","±211","4.3%","±0.9","502","±145","6.8%","±2.0","0","±12","0.0%","±32.7","61","±40","2.1%","±1.4","288","±99","3.4%","±1.2","126","±95","2.4%","±1.8","29","±22","0.5%","±0.4","522","±136","6.9%","±1.9","650","±214","11.6%","±3.8","496","±176","6.3%","±2.2","282","±137","4.2%","±2.0","141","±80","0.8%","±0.5","314","±160","4.6%","±2.3","1,281","±212","5.0%","±0.8","230","±115","3.3%","±1.6","483","±136","4.9%","±1.4","442","±152","4.3%","±1.5","239","±104","2.9%","±1.2"
"    Families","33,043","±861","33,043","(X)","9,708","±316","9,708","(X)","11,424","±214","11,424","(X)","18,365","±466","18,365","(X)","5,986","±257","5,986","(X)","72","±24","72","(X)","2,504","±135","2,504","(X)","5,937","±232","5,937","(X)","3,266","±228","3,266","(X)","4,833","±174","4,833","(X)","5,421","±306","5,421","(X)","3,577","±321","3,577","(X)","5,593","±325","5,593","(X)","4,972","±308","4,972","(X)","13,590","±339","13,590","(X)","3,637","±349","3,637","(X)","14,569","±467","14,569","(X)","5,136","±202","5,136","(X)","6,709","±321","6,709","(X)","5,509","±411","5,509","(X)","5,945","±218","5,945","(X)"
"        Less than $10,000","953","±249","2.9%","±0.7","294","±103","3.0%","±1.1","121","±75","1.1%","±0.7","323","±131","1.8%","±0.7","171","±116","2.9%","±1.9","0","±12","0.0%","±34.4","35","±35","1.4%","±1.4","53","±43","0.9%","±0.7","22","±28","0.7%","±0.8","0","±19","0.0%","±0.7","65","±59","1.2%","±1.1","92","±75","2.6%","±2.1","168","±108","3.0%","±1.9","76","±56","1.5%","±1.1","104","±54","0.8%","±0.4","82","±81","2.3%","±2.2","238","±101","1.6%","±0.7","56","±45","1.1%","±0.9","50","±39","0.7%","±0.6","200","±78","3.6%","±1.4","117","±68","2.0%","±1.1"
"        $10,000 to $14,999","604","±172","1.8%","±0.5","271","±111","2.8%","±1.1","41","±28","0.4%","±0.2","129","±69","0.7%","±0.4","135","±76","2.3%","±1.2","0","±12","0.0%","±34.4","12","±19","0.5%","±0.8","0","±22","0.0%","±0.5","18","±26","0.6%","±0.8","10","±15","0.2%","±0.3","45","±34","0.8%","±0.6","79","±69","2.2%","±1.9","131","±94","2.3%","±1.7","140","±88","2.8%","±1.7","74","±46","0.5%","±0.3","34","±36","0.9%","±1.0","176","±73","1.2%","±0.5","50","±35","1.0%","±0.7","122","±105","1.8%","±1.5","16","±26","0.3%","±0.5","9","±14","0.2%","±0.2"
"        $15,000 to $24,999","1,385","±282","4.2%","±0.8","486","±166","5.0%","±1.7","122","±64","1.1%","±0.6","481","±159","2.6%","±0.9","95","±46","1.6%","±0.8","0","±12","0.0%","±34.4","21","±30","0.8%","±1.2","167","±68","2.8%","±1.2","81","±59","2.5%","±1.8","59","±42","1.2%","±0.9","180","±79","3.3%","±1.5","208","±122","5.8%","±3.4","226","±129","4.0%","±2.3","184","±115","3.7%","±2.3","94","±53","0.7%","±0.4","66","±78","1.8%","±2.1","292","±113","2.0%","±0.8","111","±69","2.2%","±1.3","180","±87","2.7%","±1.3","206","±102","3.7%","±1.9","67","±33","1.1%","±0.6"
"        $25,000 to $34,999","1,839","±326","5.6%","±1.0","673","±196","6.9%","±2.0","210","±84","1.8%","±0.7","634","±188","3.5%","±1.0","288","±119","4.8%","±2.0","0","±12","0.0%","±34.4","39","±32","1.6%","±1.3","264","±119","4.4%","±1.9","36","±29","1.1%","±0.9","26","±24","0.5%","±0.5","352","±148","6.5%","±2.7","403","±174","11.3%","±4.5","482","±157","8.6%","±2.7","299","±167","6.0%","±3.3","150","±100","1.1%","±0.7","219","±131","6.0%","±3.6","605","±149","4.2%","±1.0","191","±80","3.7%","±1.5","252","±92","3.8%","±1.4","250","±113","4.5%","±2.1","124","±73","2.1%","±1.2"
"        $35,000 to $49,999","3,051","±350","9.2%","±1.0","839","±205","8.6%","±2.1","470","±106","4.1%","±0.9","1,147","±236","6.2%","±1.2","460","±121","7.7%","±2.0","3","±5","4.2%","±5.9","62","±45","2.5%","±1.8","451","±119","7.6%","±2.0","116","±59","3.6%","±1.8","84","±41","1.7%","±0.9","377","±134","7.0%","±2.4","474","±189","13.3%","±5.0","447","±159","8.0%","±2.9","466","±186","9.4%","±3.6","201","±109","1.5%","±0.8","248","±122","6.8%","±3.5","735","±156","5.0%","±1.0","230","±95","4.5%","±1.8","466","±151","6.9%","±2.2","298","±128","5.4%","±2.3","284","±104","4.8%","±1.7"
"        $50,000 to $74,999","3,923","±387","11.9%","±1.1","1,707","±244","17.6%","±2.4","885","±160","7.7%","±1.4","2,171","±299","11.8%","±1.6","392","±117","6.5%","±1.9","3","±4","4.2%","±5.0","155","±69","6.2%","±2.8","748","±158","12.6%","±2.6","339","±158","10.4%","±4.4","230","±87","4.8%","±1.8","674","±165","12.4%","±2.8","967","±260","27.0%","±6.4","805","±197","14.4%","±3.4","605","±206","12.2%","±4.1","522","±114","3.8%","±0.8","298","±143","8.2%","±3.8","1,651","±264","11.3%","±1.7","611","±150","11.9%","±2.9","1,222","±203","18.2%","±2.9","691","±188","12.5%","±3.2","641","±154","10.8%","±2.5"
"        $75,000 to $99,999","3,196","±364","9.7%","±1.1","1,200","±206","12.4%","±2.1","1,317","±196","11.5%","±1.6","2,264","±280","12.3%","±1.5","673","±178","11.2%","±2.9","6","±6","8.3%","±6.8","292","±115","11.7%","±4.4","643","±133","10.8%","±2.1","253","±95","7.7%","±2.7","385","±101","8.0%","±2.1","812","±155","15.0%","±2.8","316","±158","8.8%","±4.6","676","±193","12.1%","±3.4","615","±185","12.4%","±3.5","703","±137","5.2%","±1.0","386","±151","10.6%","±4.2","1,469","±268","10.1%","±1.8","690","±139","13.4%","±2.7","1,049","±165","15.6%","±2.4","776","±179","14.1%","±3.1","763","±175","12.8%","±2.9"
"        $100,000 to $149,999","5,930","±459","17.9%","±1.3","1,662","±216","17.1%","±2.2","2,996","±267","26.2%","±2.2","4,591","±415","25.0%","±2.3","1,226","±195","20.5%","±3.1","19","±15","26.4%","±14.3","444","±118","17.7%","±4.6","1,375","±204","23.2%","±3.4","619","±149","19.0%","±4.5","946","±152","19.6%","±3.1","1,311","±197","24.2%","±3.3","378","±140","10.6%","±3.8","1,159","±209","20.7%","±3.5","1,175","±224","23.6%","±4.5","2,062","±223","15.2%","±1.6","1,019","±240","28.0%","±5.8","3,192","±287","21.9%","±1.9","947","±155","18.4%","±2.9","1,463","±203","21.8%","±3.1","1,124","±229","20.4%","±3.8","1,515","±216","25.5%","±3.5"
"        $150,000 to $199,999","4,098","±327","12.4%","±1.1","1,270","±184","13.1%","±1.8","2,454","±227","21.5%","±2.1","3,023","±328","16.5%","±1.7","946","±185","15.8%","±3.0","10","±9","13.9%","±10.6","371","±103","14.8%","±4.2","915","±165","15.4%","±2.7","581","±141","17.8%","±4.3","907","±170","18.8%","±3.5","663","±141","12.2%","±2.6","329","±135","9.2%","±3.8","682","±151","12.2%","±2.7","681","±169","13.7%","±3.5","2,165","±279","15.9%","±2.0","607","±191","16.7%","±5.0","2,436","±223","16.7%","±1.5","946","±166","18.4%","±3.2","1,020","±162","15.2%","±2.3","632","±172","11.5%","±3.0","1,199","±167","20.2%","±2.8"
"        $200,000 or more","8,064","±418","24.4%","±1.2","1,306","±168","13.5%","±1.8","2,808","±240","24.6%","±2.1","3,602","±337","19.6%","±1.8","1,600","±194","26.7%","±3.4","31","±13","43.1%","±18.0","1,073","±157","42.9%","±5.9","1,321","±174","22.3%","±2.8","1,201","±154","36.8%","±5.1","2,186","±194","45.2%","±3.6","942","±142","17.4%","±2.5","331","±122","9.3%","±3.3","817","±163","14.6%","±2.9","731","±175","14.7%","±3.6","7,515","±401","55.3%","±2.5","678","±155","18.6%","±3.8","3,775","±309","25.9%","±2.1","1,304","±189","25.4%","±3.4","885","±162","13.2%","±2.3","1,316","±205","23.9%","±3.1","1,226","±152","20.6%","±2.6"
"        Median family income (dollars)","111,347","±2,558","(X)","(X)","86,320","±4,996","(X)","(X)","142,212","±5,290","(X)","(X)","116,863","±3,236","(X)","(X)","129,036","±13,183","(X)","(X)","178,750","±59,666","(X)","(X)","171,649","±18,850","(X)","(X)","121,554","±6,552","(X)","(X)","168,667","±18,324","(X)","(X)","190,811","±12,200","(X)","(X)","107,390","±9,839","(X)","(X)","64,943","±8,027","(X)","(X)","92,175","±10,462","(X)","(X)","102,780","±8,518","(X)","(X)","217,667","±11,335","(X)","(X)","127,697","±16,192","(X)","(X)","131,430","±6,386","(X)","(X)","133,537","±16,312","(X)","(X)","100,211","±5,210","(X)","(X)","106,968","±8,673","(X)","(X)","131,547","±6,001","(X)","(X)"
"        Mean family income (dollars)","147,530","±4,401","(X)","(X)","111,514","±5,075","(X)","(X)","158,199","±5,582","(X)","(X)","137,904","±4,595","(X)","(X)","149,154","±7,883","(X)","(X)","247,942","±69,012","(X)","(X)","197,889","±15,262","(X)","(X)","143,170","±6,382","(X)","(X)","204,680","±17,621","(X)","(X)","212,404","±10,011","(X)","(X)","126,821","±6,684","(X)","(X)","90,084","±9,576","(X)","(X)","115,134","±5,994","(X)","(X)","115,834","±7,894","(X)","(X)","315,390","±14,619","(X)","(X)","136,245","±9,509","(X)","(X)","158,685","±5,585","(X)","(X)","157,008","±11,496","(X)","(X)","121,900","±5,889","(X)","(X)","144,991","±9,602","(X)","(X)","146,842","±7,335","(X)","(X)"
"    Per capita income (dollars)","55,534","±994","(X)","(X)","35,489","±1,568","(X)","(X)","48,988","±1,517","(X)","(X)","44,099","±1,757","(X)","(X)","44,076","±2,301","(X)","(X)","84,373","±22,529","(X)","(X)","60,251","±4,586","(X)","(X)","45,222","±1,462","(X)","(X)","66,104","±4,636","(X)","(X)","68,005","±3,161","(X)","(X)","39,272","±1,949","(X)","(X)","28,636","±3,066","(X)","(X)","37,508","±2,364","(X)","(X)","37,669","±2,077","(X)","(X)","97,357","±4,650","(X)","(X)","51,493","±4,080","(X)","(X)","60,258","±2,105","(X)","(X)","48,198","±3,209","(X)","(X)","37,694","±1,768","(X)","(X)","54,974","±2,775","(X)","(X)","48,807","±2,396","(X)","(X)"
"    Nonfamily households","35,020","±908","35,020","(X)","4,182","±303","4,182","(X)","2,145","±198","2,145","(X)","6,270","±479","6,270","(X)","1,361","±197","1,361","(X)","6","±7","6","(X)","382","±109","382","(X)","2,539","±224","2,539","(X)","2,035","±237","2,035","(X)","1,115","±155","1,115","(X)","2,152","±272","2,152","(X)","2,045","±335","2,045","(X)","2,331","±290","2,331","(X)","1,712","±266","1,712","(X)","3,211","±297","3,211","(X)","3,203","±294","3,203","(X)","10,867","±500","10,867","(X)","1,873","±198","1,873","(X)","3,102","±295","3,102","(X)","4,789","±378","4,789","(X)","2,425","±206","2,425","(X)"
"        Median nonfamily income (dollars)","76,347","±2,239","(X)","(X)","61,022","±5,980","(X)","(X)","80,821","±7,168","(X)","(X)","72,393","±5,157","(X)","(X)","77,125","±14,177","(X)","(X)","-","**","(X)","(X)","82,061","±7,282","(X)","(X)","61,875","±5,685","(X)","(X)","73,884","±12,531","(X)","(X)","87,275","±17,612","(X)","(X)","90,875","±8,245","(X)","(X)","26,011","±2,554","(X)","(X)","86,558","±9,871","(X)","(X)","87,813","±11,106","(X)","(X)","70,208","±11,109","(X)","(X)","97,221","±6,577","(X)","(X)","90,386","±4,846","(X)","(X)","70,559","±10,369","(X)","(X)","66,293","±9,703","(X)","(X)","82,770","±6,524","(X)","(X)","84,450","±7,652","(X)","(X)"
"        Mean nonfamily income (dollars)","89,813","±2,215","(X)","(X)","80,925","±8,410","(X)","(X)","90,206","±7,995","(X)","(X)","85,371","±5,307","(X)","(X)","92,389","±13,354","(X)","(X)","152,467","±124,583","(X)","(X)","140,277","±45,746","(X)","(X)","79,009","±6,192","(X)","(X)","97,385","±17,477","(X)","(X)","108,262","±13,097","(X)","(X)","94,396","±5,896","(X)","(X)","50,834","±10,581","(X)","(X)","102,003","±11,811","(X)","(X)","89,474","±12,136","(X)","(X)","123,807","±22,427","(X)","(X)","110,007","±10,729","(X)","(X)","110,358","±7,957","(X)","(X)","89,885","±10,998","(X)","(X)","78,662","±8,849","(X)","(X)","90,904","±5,660","(X)","(X)","89,877","±5,727","(X)","(X)"
"    Median earnings for workers (dollars)","53,767","±1,386","(X)","(X)","33,398","±3,593","(X)","(X)","53,326","±2,895","(X)","(X)","51,518","±1,392","(X)","(X)","47,186","±5,211","(X)","(X)","86,964","±27,385","(X)","(X)","76,686","±8,703","(X)","(X)","45,691","±3,016","(X)","(X)","59,674","±3,430","(X)","(X)","86,790","±5,815","(X)","(X)","39,135","±4,159","(X)","(X)","30,707","±3,571","(X)","(X)","36,923","±5,104","(X)","(X)","37,482","±4,220","(X)","(X)","98,901","±5,639","(X)","(X)","60,667","±3,938","(X)","(X)","61,938","±2,583","(X)","(X)","52,988","±3,323","(X)","(X)","37,211","±2,278","(X)","(X)","69,309","±4,516","(X)","(X)","53,919","±3,683","(X)","(X)"
"    Median earnings for male full-time, year-round workers (dollars)","74,422","±2,697","(X)","(X)","47,160","±5,045","(X)","(X)","91,704","±3,213","(X)","(X)","76,638","±3,098","(X)","(X)","80,650","±7,671","(X)","(X)","121,875","±55,808","(X)","(X)","124,975","±5,537","(X)","(X)","72,120","±6,678","(X)","(X)","112,196","±7,309","(X)","(X)","122,478","±4,799","(X)","(X)","62,964","±14,071","(X)","(X)","48,371","±3,729","(X)","(X)","53,052","±10,526","(X)","(X)","56,576","±5,454","(X)","(X)","151,596","±3,835","(X)","(X)","79,922","±8,002","(X)","(X)","94,282","±4,395","(X)","(X)","81,762","±11,627","(X)","(X)","54,769","±6,347","(X)","(X)","89,423","±6,105","(X)","(X)","90,379","±4,061","(X)","(X)"
"    Median earnings for female full-time, year-round workers (dollars)","65,435","±1,779","(X)","(X)","43,099","±3,603","(X)","(X)","62,224","±2,827","(X)","(X)","58,463","±2,482","(X)","(X)","58,429","±4,302","(X)","(X)","88,750","±30,693","(X)","(X)","96,687","±11,514","(X)","(X)","56,905","±2,900","(X)","(X)","59,806","±3,175","(X)","(X)","97,099","±5,540","(X)","(X)","49,692","±6,201","(X)","(X)","40,266","±8,276","(X)","(X)","49,746","±4,129","(X)","(X)","51,351","±4,488","(X)","(X)","103,309","±4,279","(X)","(X)","69,393","±8,465","(X)","(X)","69,283","±2,274","(X)","(X)","57,355","±5,330","(X)","(X)","44,700","±3,313","(X)","(X)","73,769","±5,562","(X)","(X)","69,865","±8,363","(X)","(X)"
"HEALTH INSURANCE COVERAGE","","","","","","","","","","","","","","","","","","","","","","","","","","","","","","","","","","","","","","","","","","","","","","","","","","","","","","","","","","","","","","","","","","","","","","","","","","","","","","","","","","","",""
"    Civilian noninstitutionalized population","148,470","±471","148,470","(X)","42,628","±1,208","42,628","(X)","41,501","±713","41,501","(X)","72,853","±1,840","72,853","(X)","24,255","±1,058","24,255","(X)","219","±44","219","(X)","9,255","±543","9,255","(X)","23,084","±181","23,084","(X)","13,520","±48","13,520","(X)","16,706","±558","16,706","(X)","24,356","±74","24,356","(X)","15,756","±1,104","15,756","(X)","24,844","±1,453","24,844","(X)","19,721","±950","19,721","(X)","48,588","±1,005","48,588","(X)","16,948","±1,191","16,948","(X)","59,802","±1,197","59,802","(X)","20,626","±728","20,626","(X)","29,561","±1,223","29,561","(X)","22,921","±1,171","22,921","(X)","22,638","±616","22,638","(X)"
"        With health insurance coverage","127,292","±1,305","85.7%","±0.9","33,132","±1,069","77.7%","±2.2","38,580","±744","93.0%","±1.2","64,541","±1,724","88.6%","±1.5","21,603","±927","89.1%","±2.4","210","±42","95.9%","±3.8","8,945","±493","96.7%","±1.6","20,470","±430","88.7%","±1.7","13,066","±163","96.6%","±1.1","16,504","±560","98.8%","±0.6","19,969","±818","82.0%","±3.4","12,270","±963","77.9%","±4.2","19,180","±1,102","77.2%","±4.0","17,571","±903","89.1%","±2.6","47,368","±1,038","97.5%","±0.7","15,117","±1,014","89.2%","±3.3","55,622","±1,141","93.0%","±0.9","18,907","±780","91.7%","±2.0","25,222","±1,107","85.3%","±2.5","20,902","±1,002","91.2%","±2.3","20,926","±637","92.4%","±1.9"
"            With private health insurance","112,510","±1,841","75.8%","±1.2","27,293","±980","64.0%","±2.5","36,506","±883","88.0%","±1.7","59,320","±1,625","81.4%","±1.8","19,807","±933","81.7%","±3.1","201","±42","91.8%","±5.2","8,273","±472","89.4%","±3.0","19,057","±484","82.6%","±2.1","12,554","±196","92.9%","±1.4","16,025","±574","95.9%","±1.1","16,889","±1,074","69.3%","±4.4","9,781","±918","62.1%","±5.0","15,653","±953","63.0%","±4.5","15,153","±894","76.8%","±3.9","45,626","±1,121","93.9%","±1.1","14,076","±952","83.1%","±4.5","50,782","±1,122","84.9%","±1.3","17,392","±744","84.3%","±2.4","22,153","±1,149","74.9%","±3.2","19,288","±980","84.1%","±3.2","19,826","±685","87.6%","±2.3"
"            With public coverage","27,657","±1,162","18.6%","±0.8","9,956","±784","23.4%","±1.6","7,418","±464","17.9%","±1.1","9,160","±943","12.6%","±1.2","3,255","±365","13.4%","±1.4","46","±26","21.0%","±9.9","1,762","±251","19.0%","±2.5","4,351","±355","18.8%","±1.5","1,979","±249","14.6%","±1.8","3,132","±231","18.7%","±1.4","4,681","±522","19.2%","±2.1","4,436","±794","28.2%","±4.6","5,489","±738","22.1%","±2.6","3,890","±726","19.7%","±3.4","8,950","±499","18.4%","±1.1","2,018","±462","11.9%","±2.5","11,722","±835","19.6%","±1.4","3,704","±429","18.0%","±1.9","7,049","±611","23.8%","±2.1","3,236","±467","14.1%","±1.9","4,108","±351","18.1%","±1.5"
"        No health insurance coverage","21,178","±1,269","14.3%","±0.9","9,496","±1,052","22.3%","±2.2","2,921","±511","7.0%","±1.2","8,312","±1,158","11.4%","±1.5","2,652","±631","10.9%","±2.4","9","±9","4.1%","±3.8","310","±156","3.3%","±1.6","2,614","±404","11.3%","±1.7","454","±145","3.4%","±1.1","202","±101","1.2%","±0.6","4,387","±821","18.0%","±3.4","3,486","±761","22.1%","±4.2","5,664","±1,170","22.8%","±4.0","2,150","±548","10.9%","±2.6","1,220","±326","2.5%","±0.7","1,831","±617","10.8%","±3.3","4,180","±540","7.0%","±0.9","1,719","±416","8.3%","±2.0","4,339","±802","14.7%","±2.5","2,019","±576","8.8%","±2.3","1,712","±445","7.6%","±1.9"
"    Civilian noninstitutionalized population under 18 years","27,291","±75","27,291","(X)","9,333","±600","9,333","(X)","10,447","±313","10,447","(X)","18,452","±994","18,452","(X)","6,621","±548","6,621","(X)","55","±23","55","(X)","2,412","±240","2,412","(X)","4,932","±5","4,932","(X)","3,348","±63","3,348","(X)","4,840","±357","4,840","(X)","6,054","±379","6,054","(X)","4,105","±728","4,105","(X)","6,206","±680","6,206","(X)","5,178","±483","5,178","(X)","13,150","±610","13,150","(X)","2,986","±588","2,986","(X)","12,082","±635","12,082","(X)","5,226","±402","5,226","(X)","6,586","±549","6,586","(X)","4,753","±613","4,753","(X)","5,384","±309","5,384","(X)"
"        No health insurance coverage","2,131","±396","7.8%","±1.4","891","±259","9.5%","±2.7","374","±142","3.6%","±1.3","1,149","±325","6.2%","±1.8","350","±170","5.3%","±2.4","2","±4","3.6%","±7.9","8","±11","0.3%","±0.5","330","±159","6.7%","±3.2","132","±95","3.9%","±2.8","17","±20","0.4%","±0.4","242","±131","4.0%","±2.2","439","±449","10.7%","±10.0","870","±353","14.0%","±5.7","225","±133","4.3%","±2.6","178","±82","1.4%","±0.6","267","±129","8.9%","±4.4","651","±214","5.4%","±1.8","360","±159","6.9%","±3.1","664","±254","10.1%","±3.7","264","±167","5.6%","±3.5","276","±156","5.1%","±2.8"
"    Civilian noninstitutionalized population 18 to 64 years","106,444","±381","106,444","(X)","27,891","±925","27,891","(X)","25,386","±587","25,386","(X)","49,339","±1,162","49,339","(X)","15,691","±716","15,691","(X)","118","±31","118","(X)","5,390","±452","5,390","(X)","14,938","±119","14,938","(X)","8,481","±175","8,481","(X)","8,929","±342","8,929","(X)","16,324","±481","16,324","(X)","10,160","±771","10,160","(X)","16,286","±1,054","16,286","(X)","13,277","±789","13,277","(X)","26,146","±689","26,146","(X)","12,557","±773","12,557","(X)","39,306","±1,036","39,306","(X)","12,777","±481","12,777","(X)","18,330","±927","18,330","(X)","15,875","±744","15,875","(X)","14,165","±501","14,165","(X)"
"        In labor force:","92,462","±868","92,462","(X)","23,275","±930","23,275","(X)","20,849","±564","20,849","(X)","41,501","±1,070","41,501","(X)","13,100","±672","13,100","(X)","99","±27","99","(X)","4,501","±415","4,501","(X)","12,418","±251","12,418","(X)","7,333","±304","7,333","(X)","7,409","±359","7,409","(X)","14,264","±499","14,264","(X)","8,351","±775","8,351","(X)","13,446","±1,000","13,446","(X)","11,757","±736","11,757","(X)","20,214","±656","20,214","(X)","10,892","±684","10,892","(X)","33,570","±946","33,570","(X)","10,642","±467","10,642","(X)","15,221","±828","15,221","(X)","12,754","±622","12,754","(X)","11,707","±523","11,707","(X)"
"            Employed:","88,865","±1,059","88,865","(X)","22,014","±927","22,014","(X)","20,037","±601","20,037","(X)","39,764","±1,083","39,764","(X)","12,122","±663","12,122","(X)","96","±28","96","(X)","4,265","±389","4,265","(X)","11,754","±263","11,754","(X)","7,081","±323","7,081","(X)","7,179","±354","7,179","(X)","13,517","±459","13,517","(X)","7,932","±808","7,932","(X)","12,763","±965","12,763","(X)","11,061","±695","11,061","(X)","19,493","±666","19,493","(X)","10,389","±638","10,389","(X)","32,123","±940","32,123","(X)","10,188","±455","10,188","(X)","14,376","±809","14,376","(X)","12,304","±593","12,304","(X)","11,111","±511","11,111","(X)"
"                With health insurance coverage","75,263","±1,276","84.7%","±1.1","15,812","±747","71.8%","±3.0","18,284","±600","91.3%","±1.8","35,462","±1,042","89.2%","±1.6","10,782","±631","88.9%","±3.0","94","±27","97.9%","±4.4","4,125","±369","96.7%","±2.0","10,101","±383","85.9%","±2.7","6,817","±318","96.3%","±1.2","7,024","±351","97.8%","±1.1","10,596","±626","78.4%","±4.5","5,574","±693","70.3%","±5.9","9,293","±624","72.8%","±6.0","9,575","±651","86.6%","±3.9","18,889","±688","96.9%","±1.2","9,568","±529","92.1%","±3.8","29,833","±913","92.9%","±1.0","9,223","±463","90.5%","±2.6","11,798","±787","82.1%","±3.4","11,182","±524","90.9%","±2.4","10,269","±522","92.4%","±2.2"
"                    With private health insurance","74,064","±1,332","83.3%","±1.1","15,193","±730","69.0%","±3.1","18,073","±608","90.2%","±1.8","34,984","±1,014","88.0%","±1.5","10,598","±627","87.4%","±3.1","94","±27","97.9%","±4.4","4,071","±367","95.5%","±2.3","9,945","±380","84.6%","±2.7","6,800","±321","96.0%","±1.2","6,995","±357","97.4%","±1.6","10,316","±633","76.3%","±4.6","5,210","±668","65.7%","±6.7","8,898","±646","69.7%","±6.1","9,268","±637","83.8%","±4.1","18,770","±703","96.3%","±1.2","9,359","±527","90.1%","±4.0","29,414","±921","91.6%","±1.1","9,085","±474","89.2%","±2.7","11,465","±782","79.8%","±3.6","11,070","±517","90.0%","±2.7","10,121","±524","91.1%","±2.1"
"                    With public coverage","2,919","±365","3.3%","±0.4","952","±220","4.3%","±1.0","861","±168","4.3%","±0.9","1,152","±235","2.9%","±0.6","309","±111","2.5%","±0.9","0","±12","0.0%","±28.0","86","±47","2.0%","±1.1","324","±121","2.8%","±1.0","122","±59","1.7%","±0.8","171","±75","2.4%","±1.0","382","±127","2.8%","±0.9","445","±233","5.6%","±2.7","550","±210","4.3%","±1.7","658","±244","5.9%","±2.2","217","±91","1.1%","±0.5","331","±151","3.2%","±1.4","980","±225","3.1%","±0.7","342","±113","3.4%","±1.1","709","±173","4.9%","±1.1","232","±129","1.9%","±1.0","619","±181","5.6%","±1.6"
"                No health insurance coverage","13,602","±956","15.3%","±1.1","6,202","±788","28.2%","±3.0","1,753","±370","8.7%","±1.8","4,302","±664","10.8%","±1.6","1,340","±379","11.1%","±3.0","2","±4","2.1%","±4.4","140","±89","3.3%","±2.0","1,653","±318","14.1%","±2.7","264","±88","3.7%","±1.2","155","±82","2.2%","±1.1","2,921","±645","21.6%","±4.5","2,358","±548","29.7%","±5.9","3,470","±952","27.2%","±6.0","1,486","±461","13.4%","±3.9","604","±234","3.1%","±1.2","821","±419","7.9%","±3.8","2,290","±346","7.1%","±1.0","965","±269","9.5%","±2.6","2,578","±522","17.9%","±3.4","1,122","±316","9.1%","±2.4","842","±246","7.6%","±2.2"
"            Unemployed:","3,597","±559","3,597","(X)","1,261","±305","1,261","(X)","812","±199","812","(X)","1,737","±251","1,737","(X)","978","±253","978","(X)","3","±4","3","(X)","236","±123","236","(X)","664","±145","664","(X)","252","±95","252","(X)","230","±84","230","(X)","747","±209","747","(X)","419","±197","419","(X)","683","±173","683","(X)","696","±219","696","(X)","721","±162","721","(X)","503","±195","503","(X)","1,447","±249","1,447","(X)","454","±127","454","(X)","845","±245","845","(X)","450","±137","450","(X)","596","±141","596","(X)"
"                With health insurance coverage","1,972","±362","54.8%","±6.3","585","±145","46.4%","±12.5","517","±143","63.7%","±10.0","1,130","±198","65.1%","±8.2","695","±192","71.1%","±12.6","3","±4","100.0%","±100.0","197","±119","83.5%","±18.9","439","±101","66.1%","±11.2","232","±95","92.1%","±7.4","219","±84","95.2%","±6.5","319","±112","42.7%","±12.8","216","±151","51.6%","±29.1","240","±91","35.1%","±12.0","504","±195","72.4%","±17.4","707","±159","98.1%","±2.5","300","±136","59.6%","±18.8","1,038","±205","71.7%","±9.7","378","±124","83.3%","±9.8","630","±202","74.6%","±9.7","374","±121","83.1%","±11.6","426","±112","71.5%","±11.9"
"                    With private health insurance","1,565","±332","43.5%","±6.3","466","±140","37.0%","±11.4","483","±137","59.5%","±10.1","1,036","±199","59.6%","±8.4","663","±182","67.8%","±11.9","3","±4","100.0%","±100.0","182","±116","77.1%","±21.7","394","±96","59.3%","±11.5","225","±93","89.3%","±7.8","219","±84","95.2%","±6.5","268","±101","35.9%","±11.7","154","±129","36.8%","±27.0","198","±86","29.0%","±12.4","284","±137","40.8%","±18.4","705","±158","97.8%","±2.8","241","±133","47.9%","±20.2","935","±194","64.6%","±9.8","312","±107","68.7%","±12.8","570","±191","67.5%","±10.1","311","±100","69.1%","±16.7","402","±112","67.4%","±12.7"
"                    With public coverage","458","±161","12.7%","±4.4","138","±77","10.9%","±6.5","53","±40","6.5%","±4.7","124","±73","7.1%","±4.1","32","±50","3.3%","±5.1","0","±12","0.0%","±100.0","15","±25","6.4%","±10.4","53","±45","8.0%","±6.7","7","±11","2.8%","±4.5","26","±28","11.3%","±11.6","77","±53","10.3%","±7.2","121","±106","28.9%","±19.8","55","±56","8.1%","±7.8","223","±146","32.0%","±16.9","28","±29","3.9%","±4.1","59","±54","11.7%","±10.4","142","±74","9.8%","±4.8","83","±55","18.3%","±10.3","123","±64","14.6%","±7.3","63","±78","14.0%","±16.0","54","±38","9.1%","±6.3"
"                No health insurance coverage","1,625","±356","45.2%","±6.3","676","±278","53.6%","±12.5","295","±115","36.3%","±10.0","607","±178","34.9%","±8.2","283","±159","28.9%","±12.6","0","±12","0.0%","±100.0","39","±46","16.5%","±18.9","225","±99","33.9%","±11.2","20","±18","7.9%","±7.4","11","±15","4.8%","±6.5","428","±168","57.3%","±12.8","203","±154","48.4%","±29.1","443","±150","64.9%","±12.0","192","±135","27.6%","±17.4","14","±18","1.9%","±2.5","203","±132","40.4%","±18.8","409","±168","28.3%","±9.7","76","±45","16.7%","±9.8","215","±104","25.4%","±9.7","76","±58","16.9%","±11.6","170","±88","28.5%","±11.9"
"        Not in labor force:","13,982","±819","13,982","(X)","4,616","±455","4,616","(X)","4,537","±363","4,537","(X)","7,838","±514","7,838","(X)","2,591","±407","2,591","(X)","19","±12","19","(X)","889","±236","889","(X)","2,520","±240","2,520","(X)","1,148","±220","1,148","(X)","1,520","±229","1,520","(X)","2,060","±261","2,060","(X)","1,809","±309","1,809","(X)","2,840","±437","2,840","(X)","1,520","±316","1,520","(X)","5,932","±458","5,932","(X)","1,665","±328","1,665","(X)","5,736","±493","5,736","(X)","2,135","±290","2,135","(X)","3,109","±396","3,109","(X)","3,121","±461","3,121","(X)","2,458","±280","2,458","(X)"
"            With health insurance coverage","10,704","±783","76.6%","±3.5","3,201","±341","69.3%","±5.3","4,110","±328","90.6%","±2.9","5,959","±462","76.0%","±4.2","2,045","±331","78.9%","±7.1","14","±11","73.7%","±22.4","832","±223","93.6%","±5.7","2,128","±260","84.4%","±5.2","1,130","±216","98.4%","±1.5","1,509","±230","99.3%","±1.1","1,379","±209","66.9%","±8.6","1,480","±293","81.8%","±9.7","1,988","±343","70.0%","±6.4","1,319","±292","86.8%","±6.7","5,663","±455","95.5%","±2.2","1,247","±255","74.9%","±9.9","5,108","±476","89.1%","±2.8","1,893","±265","88.7%","±5.0","2,297","±332","73.9%","±6.5","2,612","±384","83.7%","±5.9","2,124","±219","86.4%","±4.7"
"                With private health insurance","8,515","±646","60.9%","±3.5","2,740","±288","59.4%","±5.2","3,941","±318","86.9%","±3.0","5,303","±456","67.7%","±4.6","1,906","±323","73.6%","±6.8","14","±11","73.7%","±22.4","754","±219","84.8%","±10.5","1,964","±235","77.9%","±5.4","1,045","±201","91.0%","±5.1","1,472","±232","96.8%","±2.7","1,242","±208","60.3%","±9.1","921","±241","50.9%","±11.2","1,762","±321","62.0%","±6.5","1,033","±240","68.0%","±10.1","5,558","±442","93.7%","±2.4","1,148","±255","68.9%","±10.2","4,355","±417","75.9%","±4.2","1,786","±270","83.7%","±5.8","1,898","±297","61.0%","±6.8","2,514","±371","80.6%","±5.9","2,069","±218","84.2%","±4.5"
"                With public coverage","2,867","±468","20.5%","±2.9","649","±193","14.1%","±3.9","323","±100","7.1%","±2.0","907","±221","11.6%","±2.7","179","±82","6.9%","±3.3","0","±12","0.0%","±68.0","128","±80","14.4%","±8.2","295","±105","11.7%","±3.7","164","±86","14.3%","±7.0","108","±56","7.1%","±3.7","249","±89","12.1%","±4.1","730","±250","40.4%","±12.0","300","±114","10.6%","±3.9","391","±187","25.7%","±10.3","174","±74","2.9%","±1.2","151","±96","9.1%","±5.6","975","±263","17.0%","±4.0","264","±98","12.4%","±4.3","448","±160","14.4%","±4.7","146","±75","4.7%","±2.4","188","±65","7.6%","±2.8"
"            No health insurance coverage","3,278","±536","23.4%","±3.5","1,415","±316","30.7%","±5.3","427","±142","9.4%","±2.9","1,879","±372","24.0%","±4.2","546","±217","21.1%","±7.1","5","±4","26.3%","±22.4","57","±53","6.4%","±5.7","392","±129","15.6%","±5.2","18","±18","1.6%","±1.5","11","±16","0.7%","±1.1","681","±218","33.1%","±8.6","329","±189","18.2%","±9.7","852","±227","30.0%","±6.4","201","±111","13.2%","±6.7","269","±132","4.5%","±2.2","418","±201","25.1%","±9.9","628","±169","10.9%","±2.8","242","±114","11.3%","±5.0","812","±238","26.1%","±6.5","509","±214","16.3%","±5.9","334","±136","13.6%","±4.7"
"PERCENTAGE OF FAMILIES AND PEOPLE WHOSE INCOME IN THE PAST 12 MONTHS IS BELOW THE POVERTY LEVEL","","","","","","","","","","","","","","","","","","","","","","","","","","","","","","","","","","","","","","","","","","","","","","","","","","","","","","","","","","","","","","","","","","","","","","","","","","","","","","","","","","","",""
"    All families","(X)","(X)","7.0%","±1.1","(X)","(X)","9.2%","±2.2","(X)","(X)","1.8%","±0.8","(X)","(X)","3.9%","±1.1","(X)","(X)","7.1%","±2.5","(X)","(X)","0.0%","±34.4","(X)","(X)","2.2%","±1.8","(X)","(X)","1.2%","±0.8","(X)","(X)","1.4%","±1.2","(X)","(X)","0.4%","±0.4","(X)","(X)","4.1%","±1.7","(X)","(X)","8.7%","±4.1","(X)","(X)","8.5%","±3.5","(X)","(X)","5.1%","±2.2","(X)","(X)","1.4%","±0.5","(X)","(X)","3.8%","±2.5","(X)","(X)","4.3%","±1.0","(X)","(X)","3.6%","±1.7","(X)","(X)","4.1%","±2.0","(X)","(X)","4.6%","±1.6","(X)","(X)","2.6%","±1.3"
"        With related children of the householder under 18 years","(X)","(X)","12.1%","±2.1","(X)","(X)","14.5%","±4.1","(X)","(X)","2.7%","±1.3","(X)","(X)","4.8%","±1.5","(X)","(X)","9.6%","±3.6","(X)","(X)","0.0%","±68.0","(X)","(X)","2.1%","±2.7","(X)","(X)","1.4%","±1.1","(X)","(X)","2.1%","±2.1","(X)","(X)","0.0%","±1.3","(X)","(X)","6.6%","±2.9","(X)","(X)","14.5%","±7.0","(X)","(X)","12.6%","±5.6","(X)","(X)","8.1%","±3.7","(X)","(X)","1.7%","±0.9","(X)","(X)","5.8%","±4.5","(X)","(X)","6.2%","±2.1","(X)","(X)","4.7%","±2.7","(X)","(X)","5.7%","±3.3","(X)","(X)","5.9%","±2.8","(X)","(X)","3.9%","±2.3"
"            With related children of the householder under 5 years only","(X)","(X)","5.3%","±2.2","(X)","(X)","7.9%","±5.6","(X)","(X)","1.4%","±2.0","(X)","(X)","5.3%","±3.4","(X)","(X)","4.3%","±6.2","(X)","(X)","0.0%","±100.0","(X)","(X)","0.0%","±14.0","(X)","(X)","1.1%","±1.8","(X)","(X)","0.0%","±12.9","(X)","(X)","0.0%","±6.4","(X)","(X)","4.0%","±4.7","(X)","(X)","10.3%","±13.1","(X)","(X)","12.7%","±10.5","(X)","(X)","7.5%","±10.8","(X)","(X)","1.3%","±1.9","(X)","(X)","2.8%","±4.8","(X)","(X)","1.5%","±1.4","(X)","(X)","0.8%","±1.3","(X)","(X)","0.0%","±4.8","(X)","(X)","4.2%","±4.1","(X)","(X)","0.0%","±6.4"
"    Married couple families","(X)","(X)","3.2%","±0.9","(X)","(X)","5.2%","±1.6","(X)","(X)","1.2%","±0.7","(X)","(X)","2.5%","±0.8","(X)","(X)","4.8%","±2.2","(X)","(X)","0.0%","±35.7","(X)","(X)","2.2%","±1.9","(X)","(X)","1.4%","±0.9","(X)","(X)","0.2%","±0.4","(X)","(X)","0.4%","±0.4","(X)","(X)","2.2%","±1.3","(X)","(X)","4.4%","±4.2","(X)","(X)","4.9%","±3.1","(X)","(X)","1.7%","±1.5","(X)","(X)","0.7%","±0.4","(X)","(X)","4.2%","±2.9","(X)","(X)","3.2%","±1.1","(X)","(X)","1.9%","±1.2","(X)","(X)","2.3%","±1.5","(X)","(X)","1.7%","±1.1","(X)","(X)","1.8%","±1.1"
"        With related children of the householder under 18 years","(X)","(X)","5.4%","±1.7","(X)","(X)","7.9%","±2.9","(X)","(X)","1.7%","±1.0","(X)","(X)","2.9%","±1.1","(X)","(X)","5.3%","±2.7","(X)","(X)","0.0%","±74.1","(X)","(X)","2.4%","±3.0","(X)","(X)","1.8%","±1.4","(X)","(X)","0.0%","±2.5","(X)","(X)","0.0%","±1.4","(X)","(X)","2.9%","±2.1","(X)","(X)","7.0%","±7.5","(X)","(X)","6.7%","±4.8","(X)","(X)","2.6%","±2.5","(X)","(X)","0.6%","±0.5","(X)","(X)","6.5%","±5.6","(X)","(X)","4.1%","±2.0","(X)","(X)","1.6%","±1.3","(X)","(X)","2.7%","±2.5","(X)","(X)","2.5%","±1.9","(X)","(X)","1.6%","±1.5"
"            With related children of the householder under 5 years only","(X)","(X)","3.0%","±1.6","(X)","(X)","1.0%","±1.4","(X)","(X)","1.5%","±2.2","(X)","(X)","3.2%","±2.8","(X)","(X)","0.0%","±7.2","(X)","(X)","0.0%","±100.0","(X)","(X)","0.0%","±15.3","(X)","(X)","1.2%","±2.1","(X)","(X)","0.0%","±15.7","(X)","(X)","0.0%","±6.7","(X)","(X)","0.0%","±7.0","(X)","(X)","5.8%","±9.8","(X)","(X)","0.0%","±5.5","(X)","(X)","0.0%","±7.7","(X)","(X)","0.0%","±4.1","(X)","(X)","0.0%","±7.7","(X)","(X)","0.0%","±2.1","(X)","(X)","0.0%","±6.6","(X)","(X)","0.0%","±5.4","(X)","(X)","1.8%","±2.7","(X)","(X)","0.0%","±7.9"
"    Families with female householder, no husband present","(X)","(X)","23.3%","±4.2","(X)","(X)","24.8%","±8.0","(X)","(X)","5.4%","±3.3","(X)","(X)","10.9%","±4.2","(X)","(X)","21.8%","±10.6","(X)","(X)","0.0%","±100.0","(X)","(X)","0.0%","±11.2","(X)","(X)","0.0%","±3.8","(X)","(X)","7.7%","±7.0","(X)","(X)","0.0%","±8.3","(X)","(X)","15.9%","±8.1","(X)","(X)","27.4%","±13.2","(X)","(X)","20.3%","±11.6","(X)","(X)","21.2%","±10.6","(X)","(X)","9.6%","±5.5","(X)","(X)","3.4%","±6.0","(X)","(X)","9.4%","±4.4","(X)","(X)","9.3%","±6.8","(X)","(X)","8.4%","±5.7","(X)","(X)","15.0%","±7.6","(X)","(X)","7.0%","±5.4"
"        With related children of the householder under 18 years","(X)","(X)","34.2%","±6.8","(X)","(X)","35.6%","±12.0","(X)","(X)","9.6%","±6.8","(X)","(X)","13.8%","±5.7","(X)","(X)","29.0%","±13.8","(X)","(X)","0.0%","±100.0","(X)","(X)","0.0%","±23.7","(X)","(X)","0.0%","±10.1","(X)","(X)","11.0%","±11.0","(X)","(X)","0.0%","±17.2","(X)","(X)","23.7%","±12.3","(X)","(X)","41.0%","±15.9","(X)","(X)","31.4%","±16.5","(X)","(X)","30.3%","±14.9","(X)","(X)","18.2%","±11.5","(X)","(X)","6.1%","±10.7","(X)","(X)","13.4%","±7.2","(X)","(X)","14.1%","±10.9","(X)","(X)","11.7%","±8.8","(X)","(X)","22.3%","±14.2","(X)","(X)","13.7%","±10.0"
"            With related children of the householder under 5 years only","(X)","(X)","19.1%","±12.0","(X)","(X)","35.3%","±25.3","(X)","(X)","0.0%","±50.9","(X)","(X)","8.9%","±14.3","(X)","(X)","26.1%","±36.6","(X)","(X)","-","**","(X)","(X)","0.0%","±66.3","(X)","(X)","0.0%","±93.8","(X)","(X)","0.0%","±44.2","(X)","(X)","0.0%","±71.9","(X)","(X)","28.8%","±33.0","(X)","(X)","51.1%","±51.1","(X)","(X)","55.4%","±41.4","(X)","(X)","24.2%","±31.6","(X)","(X)","17.2%","±28.3","(X)","(X)","50.0%","±50.0","(X)","(X)","7.3%","±8.5","(X)","(X)","12.9%","±24.4","(X)","(X)","0.0%","±37.3","(X)","(X)","24.2%","±30.8","(X)","(X)","0.0%","±32.7"
"    All people","(X)","(X)","9.8%","±0.8","(X)","(X)","12.5%","±2.4","(X)","(X)","3.3%","±1.0","(X)","(X)","5.4%","±1.0","(X)","(X)","8.7%","±2.6","(X)","(X)","0.5%","±1.1","(X)","(X)","3.0%","±2.1","(X)","(X)","6.2%","±1.2","(X)","(X)","2.7%","±1.0","(X)","(X)","0.7%","±0.4","(X)","(X)","7.4%","±2.4","(X)","(X)","13.7%","±4.3","(X)","(X)","10.5%","±4.3","(X)","(X)","6.1%","±1.8","(X)","(X)","2.6%","±0.6","(X)","(X)","7.2%","±2.9","(X)","(X)","7.0%","±1.2","(X)","(X)","4.7%","±1.6","(X)","(X)","6.8%","±1.8","(X)","(X)","6.1%","±1.4","(X)","(X)","3.3%","±1.3"
"        Under 18 years","(X)","(X)","15.2%","±2.3","(X)","(X)","20.7%","±5.8","(X)","(X)","4.0%","±1.9","(X)","(X)","6.2%","±1.9","(X)","(X)","12.9%","±5.6","(X)","(X)","1.9%","±5.3","(X)","(X)","3.7%","±4.6","(X)","(X)","2.8%","±1.7","(X)","(X)","2.7%","±2.3","(X)","(X)","0.0%","±0.7","(X)","(X)","9.1%","±4.3","(X)","(X)","18.5%","±9.4","(X)","(X)","18.5%","±8.5","(X)","(X)","8.0%","±3.7","(X)","(X)","1.2%","±0.7","(X)","(X)","6.9%","±5.2","(X)","(X)","9.6%","±3.2","(X)","(X)","5.4%","±3.1","(X)","(X)","7.1%","±3.9","(X)","(X)","5.7%","±2.5","(X)","(X)","4.9%","±3.0"
"            Related children of the householder under 18 years","(X)","(X)","15.1%","±2.3","(X)","(X)","20.7%","±5.8","(X)","(X)","3.6%","±1.9","(X)","(X)","5.6%","±1.9","(X)","(X)","12.5%","±5.5","(X)","(X)","0.0%","±41.5","(X)","(X)","3.7%","±4.6","(X)","(X)","1.1%","±1.0","(X)","(X)","2.1%","±2.3","(X)","(X)","0.0%","±0.7","(X)","(X)","8.5%","±4.4","(X)","(X)","18.2%","±9.4","(X)","(X)","18.5%","±8.5","(X)","(X)","8.0%","±3.8","(X)","(X)","1.2%","±0.7","(X)","(X)","6.9%","±5.2","(X)","(X)","9.0%","±3.3","(X)","(X)","4.7%","±3.0","(X)","(X)","6.2%","±3.8","(X)","(X)","5.7%","±2.5","(X)","(X)","4.9%","±3.0"
"                Related children of the householder under 5 years","(X)","(X)","11.9%","±3.1","(X)","(X)","19.0%","±7.2","(X)","(X)","1.5%","±1.4","(X)","(X)","5.7%","±2.1","(X)","(X)","9.4%","±8.2","(X)","(X)","0.0%","±98.9","(X)","(X)","5.2%","±6.2","(X)","(X)","1.4%","±2.0","(X)","(X)","0.0%","±3.6","(X)","(X)","0.0%","±2.4","(X)","(X)","6.6%","±5.6","(X)","(X)","12.9%","±11.5","(X)","(X)","25.3%","±15.2","(X)","(X)","6.3%","±6.0","(X)","(X)","1.3%","±1.4","(X)","(X)","6.3%","±6.9","(X)","(X)","7.9%","±4.3","(X)","(X)","5.5%","±5.5","(X)","(X)","5.2%","±4.8","(X)","(X)","3.6%","±2.6","(X)","(X)","2.7%","±3.3"
"                Related children of the householder 5 to 17 years","(X)","(X)","17.4%","±3.0","(X)","(X)","21.5%","±6.0","(X)","(X)","4.2%","±2.3","(X)","(X)","5.6%","±2.1","(X)","(X)","13.5%","±5.5","(X)","(X)","0.0%","±45.8","(X)","(X)","3.2%","±4.1","(X)","(X)","1.0%","±1.1","(X)","(X)","2.9%","±3.1","(X)","(X)","0.0%","±0.9","(X)","(X)","9.4%","±4.9","(X)","(X)","19.9%","±11.4","(X)","(X)","14.1%","±8.1","(X)","(X)","8.8%","±4.7","(X)","(X)","1.1%","±0.7","(X)","(X)","7.2%","±6.6","(X)","(X)","9.6%","±3.5","(X)","(X)","4.4%","±2.6","(X)","(X)","6.6%","±4.2","(X)","(X)","7.0%","±3.7","(X)","(X)","5.7%","±3.3"
"        18 years and over","(X)","(X)","8.6%","±0.7","(X)","(X)","10.3%","±1.9","(X)","(X)","3.1%","±0.8","(X)","(X)","5.2%","±0.9","(X)","(X)","7.2%","±2.0","(X)","(X)","0.0%","±17.9","(X)","(X)","2.8%","±1.5","(X)","(X)","7.1%","±1.5","(X)","(X)","2.7%","±0.9","(X)","(X)","1.0%","±0.5","(X)","(X)","6.9%","±2.2","(X)","(X)","12.0%","±3.2","(X)","(X)","7.9%","±3.1","(X)","(X)","5.4%","±1.6","(X)","(X)","3.1%","±0.7","(X)","(X)","7.3%","±2.8","(X)","(X)","6.4%","±0.9","(X)","(X)","4.5%","±1.4","(X)","(X)","6.7%","±1.5","(X)","(X)","6.2%","±1.4","(X)","(X)","2.8%","±0.9"
"            18 to 64 years","(X)","(X)","8.5%","±0.7","(X)","(X)","10.7%","±2.1","(X)","(X)","2.9%","±0.9","(X)","(X)","4.8%","±0.8","(X)","(X)","7.1%","±2.0","(X)","(X)","0.0%","±23.7","(X)","(X)","2.3%","±1.6","(X)","(X)","7.9%","±1.6","(X)","(X)","2.5%","±1.0","(X)","(X)","1.1%","±0.6","(X)","(X)","6.8%","±2.3","(X)","(X)","11.6%","±3.4","(X)","(X)","8.1%","±3.4","(X)","(X)","5.6%","±1.7","(X)","(X)","3.4%","±0.8","(X)","(X)","7.1%","±2.8","(X)","(X)","6.3%","±1.0","(X)","(X)","4.1%","±1.4","(X)","(X)","6.5%","±1.7","(X)","(X)","5.7%","±1.6","(X)","(X)","2.9%","±1.1"
"            65 years and over","(X)","(X)","8.9%","±1.9","(X)","(X)","8.1%","±2.6","(X)","(X)","4.2%","±1.4","(X)","(X)","8.6%","±3.4","(X)","(X)","7.7%","±4.7","(X)","(X)","0.0%","±43.7","(X)","(X)","4.7%","±3.5","(X)","(X)","3.2%","±2.1","(X)","(X)","3.4%","±3.3","(X)","(X)","0.9%","±0.9","(X)","(X)","7.4%","±4.3","(X)","(X)","15.0%","±6.8","(X)","(X)","6.5%","±3.2","(X)","(X)","3.6%","±3.6","(X)","(X)","2.5%","±1.1","(X)","(X)","9.4%","±7.2","(X)","(X)","6.6%","±1.8","(X)","(X)","6.2%","±3.2","(X)","(X)","7.4%","±2.6","(X)","(X)","9.9%","±4.1","(X)","(X)","2.1%","±1.5"
"    People in families","(X)","(X)","8.7%","±1.3","(X)","(X)","10.7%","±2.8","(X)","(X)","2.2%","±1.0","(X)","(X)","4.0%","±1.1","(X)","(X)","7.6%","±2.8","(X)","(X)","0.0%","±14.6","(X)","(X)","2.4%","±2.2","(X)","(X)","1.1%","±0.7","(X)","(X)","1.3%","±1.1","(X)","(X)","0.2%","±0.2","(X)","(X)","5.6%","±2.5","(X)","(X)","10.4%","±5.1","(X)","(X)","10.5%","±5.0","(X)","(X)","4.3%","±1.9","(X)","(X)","1.2%","±0.5","(X)","(X)","4.6%","±3.2","(X)","(X)","5.2%","±1.4","(X)","(X)","3.3%","±1.7","(X)","(X)","3.6%","±1.8","(X)","(X)","4.3%","±1.5","(X)","(X)","2.9%","±1.5"
"    Unrelated individuals 15 years and over","(X)","(X)","12.0%","±1.2","(X)","(X)","19.8%","±4.0","(X)","(X)","15.5%","±3.2","(X)","(X)","14.3%","±2.7","(X)","(X)","17.6%","±6.9","(X)","(X)","10.0%","±19.1","(X)","(X)","13.2%","±7.6","(X)","(X)","26.0%","±4.3","(X)","(X)","8.4%","±3.4","(X)","(X)","6.3%","±3.7","(X)","(X)","15.4%","±5.8","(X)","(X)","28.1%","±7.3","(X)","(X)","10.4%","±4.3","(X)","(X)","18.0%","±5.8","(X)","(X)","16.2%","±3.8","(X)","(X)","12.9%","±5.7","(X)","(X)","12.0%","±1.7","(X)","(X)","13.2%","±5.2","(X)","(X)","22.9%","±5.3","(X)","(X)","11.0%","±3.0","(X)","(X)","5.8%","±2.2"